x,pi2,E2,Delta2,M,psi_minus_x
1000,35.0,47.1907,-12.1907,2.0,-3.3191
1006,35.0,47.3566,-12.3566,1.0,-9.3191
1011,35.0,47.4946,-12.4946,1.0,-7.4024
1017,35.0,47.6600,-12.6600,-1.0,-6.4817
1023,36.0,47.8250,-11.8250,-4.0,1.3734
1029,36.0,47.9898,-11.9898,-3.0,-3.9334
1035,37.0,48.1543,-11.1543,-7.0,3.9451
1041,37.0,48.3186,-11.3186,-7.0,4.8911
1047,37.0,48.4826,-11.4826,-4.0,-1.1089
1052,38.0,48.6190,-10.6190,-6.0,7.8042
1058,38.0,48.7825,-10.7825,-5.0,1.8042
1064,39.0,48.9457,-9.9457,-6.0,9.7400
1071,39.0,49.1358,-10.1358,-9.0,9.7145
1077,39.0,49.2984,-10.2984,-8.0,3.7145
1083,39.0,49.4608,-10.4608,-5.0,-2.2855
1089,39.0,49.6229,-10.6229,-8.0,-1.2944
1095,40.0,49.7848,-9.7848,-11.0,6.6972
1101,40.0,49.9464,-9.9464,-10.0,7.6975
1108,40.0,50.1346,-10.1346,-14.0,7.7033
1114,40.0,50.2957,-10.2957,-13.0,8.7145
1120,40.0,50.4565,-10.4565,-13.0,9.7329
1127,40.0,50.6438,-10.6438,-11.0,9.7567
1133,40.0,50.8041,-10.8041,-13.0,10.7858
1140,40.0,50.9908,-10.9908,-9.0,3.7858
1146,40.0,51.1506,-11.1506,-7.0,-2.2142
1153,41.0,51.3367,-10.3367,-7.0,4.8843
1159,41.0,51.4960,-10.4960,-4.0,-1.1157
1166,41.0,51.6815,-10.6815,-6.0,-1.0570
1172,41.0,51.8403,-10.8403,-5.0,0.0086
1179,41.0,52.0252,-11.0252,-5.0,-6.9914
1186,41.0,52.2098,-11.2098,-7.0,-6.9172
1193,41.0,52.3941,-11.3941,-6.0,0.2462
1199,41.0,52.5519,-11.5519,-4.0,-5.7538
1206,41.0,52.7356,-11.7356,-2.0,-5.6629
1213,41.0,52.9191,-11.9191,-2.0,-5.5621
1220,41.0,53.1022,-12.1022,0.0,-5.4579
1227,41.0,53.2851,-12.2851,-1.0,-5.3489
1234,42.0,53.4676,-11.4676,-1.0,1.8807
1241,42.0,53.6499,-11.6499,-2.0,2.0011
1248,42.0,53.8319,-11.8319,-2.0,-4.9989
1255,42.0,54.0136,-12.0136,0.0,-4.8688
1262,42.0,54.1950,-12.1950,1.0,-4.7307
1270,42.0,54.4020,-12.4020,0.0,-12.7307
1277,43.0,54.5828,-11.5828,1.0,-12.5784
1284,43.0,54.7633,-11.7633,-1.0,-5.2676
1291,44.0,54.9436,-10.9436,0.0,2.0571
1299,44.0,55.1492,-11.1492,0.0,1.2250
1306,45.0,55.3289,-10.3289,0.0,8.5683
1314,45.0,55.5339,-10.5339,-3.0,7.7438
1321,46.0,55.7130,-9.7130,-2.0,15.1145
1329,46.0,55.9174,-9.9174,0.0,14.3052
1336,46.0,56.0959,-10.0959,0.0,9.7031
1344,46.0,56.2997,-10.2997,1.0,1.7031
1351,46.0,56.4777,-10.4777,6.0,-5.2969
1359,46.0,56.6808,-10.6808,7.0,-13.2969
1367,46.0,56.8835,-10.8835,7.0,-6.8605
1375,46.0,57.0860,-11.0860,5.0,-4.0249
1382,46.0,57.2629,-11.2629,5.0,-3.7943
1390,46.0,57.4647,-11.4647,8.0,-11.7943
1398,46.0,57.6662,-11.6662,9.0,-19.7943
1406,46.0,57.8674,-11.8674,11.0,-20.5508
1414,46.0,58.0683,-12.0683,10.0,-21.3002
1422,46.0,58.2688,-12.2688,12.0,-29.3002
1430,47.0,58.4691,-11.4691,9.0,-15.5116
1439,47.0,58.6940,-11.6940,7.0,-9.9724
1447,47.0,58.8936,-11.8936,4.0,-10.6951
1455,48.0,59.0929,-11.0929,2.0,-4.1337
1463,48.0,59.2919,-11.2919,1.0,-4.8482
1472,48.0,59.5154,-11.5154,3.0,-6.5545
1480,48.0,59.7138,-11.7138,4.0,-14.5545
1488,50.0,59.9119,-9.9119,3.0,-0.6477
1497,50.0,60.1344,-10.1344,-1.0,4.9667
1505,50.0,60.3318,-10.3318,-2.0,4.2793
1514,50.0,60.5536,-10.5536,-1.0,2.5998
1523,50.0,60.7750,-10.7750,0.0,0.9282
1531,50.0,60.9716,-10.9716,0.0,0.2619
1540,50.0,61.1923,-11.1923,1.0,-8.7381
1549,50.0,61.4128,-11.4128,-2.0,-3.0513
1558,50.0,61.6328,-11.6328,-3.0,-4.7033
1567,50.0,61.8525,-11.8525,-3.0,1.0054
1575,50.0,62.0476,-12.0476,-3.0,0.3649
1584,50.0,62.2666,-12.2666,-7.0,6.0965
1593,50.0,62.4854,-12.4854,-4.0,-2.9035
1603,50.0,62.7280,-12.7280,-7.0,1.8508
1612,51.0,62.9461,-11.9461,-10.0,7.6163
1621,52.0,63.1638,-11.1638,-14.0,20.7825
1630,52.0,63.3811,-11.3811,-15.0,19.1770
1639,52.0,63.5982,-11.5982,-15.0,17.5776
1649,52.0,63.8390,-11.8390,-11.0,7.5776
1658,52.0,64.0554,-12.0554,-9.0,5.9904
1668,53.0,64.2954,-11.2954,-12.0,10.8255
1677,53.0,64.5111,-11.5111,-13.0,9.2455
1687,53.0,64.7504,-11.7504,-10.0,2.9591
1696,53.0,64.9655,-11.9655,-10.0,1.3933
1706,54.0,65.2041,-11.2041,-13.0,6.2677
1716,54.0,65.4423,-11.4423,-10.0,3.7114
1725,55.0,65.6564,-10.6564,-9.0,9.6139
1735,55.0,65.8939,-10.8939,-8.0,7.0715
1745,55.0,66.1310,-11.1310,-10.0,4.5337
1755,55.0,66.3678,-11.3678,-11.0,9.4684
1765,55.0,66.6042,-11.6042,-8.0,6.9409
1775,55.0,66.8403,-11.8403,-6.0,-3.0591
1785,55.0,67.0760,-12.0760,-6.0,1.9097
1795,56.0,67.3114,-11.3114,-7.0,6.8874
1806,56.0,67.5698,-11.5698,-6.0,3.3835
1816,56.0,67.8045,-11.8045,-6.0,0.8851
1826,56.0,68.0387,-12.0387,-4.0,-1.6066
1837,56.0,68.2961,-12.2961,-3.0,-5.0940
1847,56.0,68.5296,-12.5296,-2.0,-7.5727
1858,56.0,68.7861,-12.7861,1.0,-14.8115
1868,56.0,69.0190,-13.0190,-1.0,-9.7506
1879,58.0,69.2748,-11.2748,-5.0,9.3949
1890,58.0,69.5301,-11.5301,-7.0,5.9387
1900,58.0,69.7620,-11.7620,-3.0,-4.0613
1911,58.0,70.0166,-12.0166,-5.0,0.0421
1922,58.0,70.2708,-12.2708,-3.0,-3.4014
1933,59.0,70.5247,-11.5247,-3.0,0.7312
1944,59.0,70.7781,-11.7781,4.0,-10.2688
1955,60.0,71.0312,-11.0312,1.0,-6.1177
1966,60.0,71.2839,-11.2839,4.0,-17.1177
1977,60.0,71.5363,-11.5363,6.0,-20.5303
1989,60.0,71.8111,-11.8111,6.0,-17.3456
2000,61.0,72.0627,-11.0627,5.0,-5.5484
2011,61.0,72.3139,-11.3139,4.0,-1.3396
2023,61.0,72.5875,-11.5875,2.0,-5.7303
2034,62.0,72.8380,-10.8380,4.0,-1.5007
2046,62.0,73.1108,-11.1108,6.0,-5.8804
2058,62.0,73.3832,-11.3832,6.0,-9.5602
2069,62.0,73.6325,-11.6325,5.0,-5.2935
2081,63.0,73.9041,-10.9041,7.0,-9.6529
2093,64.0,74.1753,-10.1753,0.0,1.2766
2105,64.0,74.4461,-10.4461,4.0,-3.0742
2117,65.0,74.7165,-9.7165,0.0,0.2366
2129,66.0,74.9865,-8.9865,2.0,-4.1000
2141,67.0,75.2561,-8.2561,-2.0,6.9005
2153,67.0,75.5253,-8.5253,-2.0,10.2451
2166,67.0,75.8164,-8.8164,-3.0,4.9234
2178,67.0,76.0848,-9.0848,3.0,-7.0766
2190,67.0,76.3528,-9.3528,7.0,-10.2913
2203,67.0,76.6427,-9.6427,8.0,-13.0288
2215,67.0,76.9099,-9.9099,8.0,-5.7772
2228,67.0,77.1990,-10.1990,11.0,-11.0714
2241,68.0,77.4876,-9.4876,8.0,-8.6448
2254,68.0,77.7758,-9.7758,8.0,-6.2101
2266,68.0,78.0414,-10.0414,8.0,-18.2101
2279,69.0,78.3288,-9.3288,4.0,-8.0279
2292,69.0,78.6157,-9.6157,2.0,-5.5605
2305,69.0,78.9022,-9.9022,-1.0,-3.0836
2319,70.0,79.2103,-9.2103,-1.0,-1.5936
2332,70.0,79.4959,-9.4959,3.0,-14.5936
2345,71.0,79.7812,-8.7812,-3.0,-4.3228
2358,71.0,80.0660,-9.0660,-6.0,5.9658
2372,71.0,80.3723,-9.3723,-2.0,-0.2631
2385,72.0,80.6563,-8.6563,-8.0,10.0618
2399,72.0,80.9617,-8.9617,-12.0,19.4036
2413,72.0,81.2666,-9.2666,-14.0,15.1373
2426,72.0,81.5494,-9.5494,-14.0,17.7203
2440,72.0,81.8534,-9.8534,-12.0,11.5189
2454,72.0,82.1570,-10.1570,-12.0,13.1216
2468,72.0,82.4602,-10.4602,-10.0,14.7399
2482,72.0,82.7630,-10.7630,-6.0,16.3679
2496,72.0,83.0652,-11.0652,-3.0,2.3679
2510,72.0,83.3671,-11.3671,-2.0,-3.8069
2525,72.0,83.6901,-11.6901,0.0,-10.9744
2539,72.0,83.9910,-11.9910,-1.0,-9.2985
2554,73.0,84.3130,-11.3130,-5.0,-0.7698
2568,73.0,84.6132,-11.6132,0.0,-6.9232
2583,73.0,84.9342,-11.9342,5.0,-14.0680
2598,74.0,85.2548,-11.2548,3.0,-13.3476
2612,74.0,85.5536,-11.5536,7.0,-19.4809
2627,74.0,85.8733,-11.8733,9.0,-18.7398
2642,74.0,86.1926,-12.1926,9.0,-25.8639
2657,75.0,86.5114,-11.5114,12.0,-25.0978
2672,75.0,86.8297,-11.8297,8.0,-16.4347
2688,76.0,87.1687,-11.1687,1.0,-8.7514
2703,76.0,87.4861,-11.4861,-7.0,-0.0554
2718,77.0,87.8030,-10.8030,-12.0,8.6591
2734,78.0,88.1406,-10.1406,-12.0,16.3912
2749,78.0,88.4567,-10.4567,-13.0,17.2263
2765,78.0,88.7933,-10.7933,-14.0,9.1467
2781,78.0,89.1294,-11.1294,-18.0,9.0014
2797,79.0,89.4651,-10.4651,-23.0,16.8053
2813,80.0,89.8002,-9.8002,-23.0,20.6518
2829,80.0,90.1349,-10.1349,-22.0,12.5959
2845,80.0,90.4691,-10.4691,-22.0,20.4481
2861,80.0,90.8028,-10.8028,-22.0,28.3200
2877,80.0,91.1361,-11.1361,-20.0,12.3200
2894,80.0,91.4897,-11.4897,-17.0,11.2532
2910,80.0,91.8220,-11.8220,-17.0,19.1736
2927,80.0,92.1746,-12.1746,-17.0,18.1337
2943,80.0,92.5059,-12.5059,-15.0,10.1195
2960,80.0,92.8575,-12.8575,-16.0,9.1020
2977,81.0,93.2086,-12.2086,-14.0,16.0886
2994,81.0,93.5592,-12.5592,-7.0,-0.9114
3011,82.0,93.9092,-11.9092,-6.0,6.1114
3028,82.0,94.2588,-12.2588,-8.0,5.1381
3045,82.0,94.6079,-12.6079,-4.0,4.1766
3063,82.0,94.9770,-12.9770,-4.0,2.2257
3080,82.0,95.3251,-13.3251,-3.0,1.2865
3098,82.0,95.6932,-13.6932,2.0,-0.6442
3115,82.0,96.0403,-14.0403,5.0,-9.6022
3133,83.0,96.4073,-13.4073,4.0,-9.9016
3151,83.0,96.7739,-13.7739,9.0,-19.8505
3169,84.0,97.1398,-13.1398,9.0,-13.6695
3187,84.0,97.5053,-13.5053,5.0,-15.5378
3205,84.0,97.8703,-13.8703,11.0,-17.3978
3224,84.0,98.2550,-14.2550,12.0,-12.1705
3242,84.0,98.6189,-14.6189,19.0,-22.0905
3260,86.0,98.9823,-12.9823,15.0,-7.7387
3279,86.0,99.3654,-13.3654,20.0,-18.6459
3298,86.0,99.7479,-13.7479,21.0,-37.6459
3316,87.0,100.1098,-13.1098,19.0,-23.2331
3335,88.0,100.4912,-12.4912,17.0,-9.7956
3354,88.0,100.8722,-12.8722,19.0,-12.5652
3373,90.0,101.2526,-11.2526,12.0,0.9207
3393,91.0,101.6524,-10.6524,14.0,-2.8221
3412,91.0,102.0318,-11.0318,16.0,-13.6885
3431,91.0,102.4106,-11.4106,16.0,-24.5532
3451,91.0,102.8088,-11.8088,14.0,-28.2661
3471,93.0,103.2064,-10.2064,10.0,-7.5161
3490,93.0,103.5836,-10.5836,11.0,-22.4386
3510,93.0,103.9801,-10.9801,13.0,-26.1204
3530,94.0,104.3761,-10.3761,8.0,-13.4544
3550,95.0,104.7715,-9.7715,5.0,-0.7669
3571,96.0,105.1861,-9.1861,2.0,2.7676
3591,97.0,105.5804,-8.5804,2.0,-0.8650
3611,97.0,105.9742,-8.9742,1.0,-4.4876
3632,97.0,106.3871,-9.3871,-5.0,7.2904
3653,97.0,106.7994,-9.7994,-3.0,2.6898
3674,98.0,107.2112,-9.2112,-5.0,6.3118
3694,98.0,107.6028,-9.6028,-7.0,2.7353
3716,98.0,108.0329,-10.0329,-6.0,5.3854
3737,98.0,108.4430,-10.4430,-10.0,13.1658
3758,98.0,108.8524,-10.8524,-4.0,0.3924
3779,99.0,109.2613,-10.2613,-6.0,12.3307
3801,99.0,109.6891,-10.6891,-8.0,6.8135
3823,100.0,110.1163,-10.1163,-9.0,9.5542
3844,100.0,110.5236,-10.5236,-7.0,-3.1944
3866,101.0,110.9496,-9.9496,-10.0,7.8325
3888,101.0,111.3750,-10.3750,-11.0,2.3592
3910,101.0,111.7999,-10.7999,-6.0,-3.1044
3933,103.0,112.2435,-9.2435,-14.0,23.5412
3955,103.0,112.6672,-9.6672,-16.0,18.1016
3978,103.0,113.1095,-10.1095,-13.0,3.3874
4000,103.0,113.5320,-10.5320,-9.0,-10.3213
4023,105.0,113.9732,-8.9732,-15.0,16.4590
4046,105.0,114.4137,-9.4137,-11.0,1.7597
4069,106.0,114.8536,-8.8536,-13.0,3.6809
4092,107.0,115.2930,-8.2930,-17.0,5.6232
4116,107.0,115.7508,-8.7508,-15.0,7.2733
4139,108.0,116.1889,-8.1889,-14.0,17.5793
4163,109.0,116.6454,-7.6454,-17.0,18.5765
4186,109.0,117.0824,-8.0824,-10.0,3.9138
4210,109.0,117.5377,-8.5377,-11.0,-11.7431
4234,111.0,117.9924,-6.9924,-13.0,5.9965
4258,112.0,118.4464,-6.4464,-17.0,7.0575
4283,114.0,118.9188,-4.9188,-13.0,23.8536
4307,114.0,119.3716,-5.3716,-9.0,16.5831
4332,114.0,119.8427,-5.8427,-6.0,-0.0443
4356,115.0,120.2943,-5.2943,-10.0,1.0838
4381,115.0,120.7641,-5.7641,-9.0,1.2274
4406,115.0,121.2332,-6.2332,-9.0,-6.9966
4431,116.0,121.7018,-5.7018,-6.0,-6.8165
4456,116.0,122.1697,-6.1697,-8.0,-6.6170
4482,117.0,122.6556,-5.6556,-5.0,-7.4036
4507,117.0,123.1222,-6.1222,-6.0,-2.9672
4533,118.0,123.6069,-5.6069,-5.0,4.6961
4559,119.0,124.0908,-5.0908,-3.0,-4.4590
4585,119.0,124.5742,-5.5742,-3.0,-5.1770
4611,119.0,125.0568,-6.0568,-1.0,-5.8775
4637,120.0,125.5389,-5.5389,0.0,-14.9973
4664,121.0,126.0387,-5.0387,-6.0,8.6708
4690,121.0,126.5195,-5.5195,-1.0,-0.4288
4717,121.0,127.0180,-6.0180,4.0,-10.5194
4744,122.0,127.5159,-5.5159,2.0,-3.6756
4771,122.0,128.0131,-6.0131,9.0,-13.7417
4798,123.0,128.5096,-5.5096,10.0,-6.8463
4825,124.0,129.0055,-5.0055,9.0,0.0655
4853,124.0,129.5191,-5.5191,18.0,-19.4517
4881,124.0,130.0319,-6.0319,18.0,-21.9794
4908,124.0,130.5258,-6.5258,19.0,-31.9870
4936,125.0,131.0373,-6.0373,16.0,-23.1471
4964,125.0,131.5482,-6.5482,10.0,-17.1210
4993,126.0,132.0765,-6.0765,3.0,-3.5573
5021,128.0,132.5860,-4.5860,-1.0,11.0373
5050,128.0,133.1129,-5.1129,-4.0,3.3467
5079,128.0,133.6391,-5.6391,-3.0,-0.0646
5108,129.0,134.1647,-5.1647,0.0,13.6155
5137,129.0,134.6895,-5.6895,-1.0,1.6957
5166,129.0,135.2136,-6.2136,-2.0,-10.2108
5195,129.0,135.7371,-6.7371,1.0,-5.0032
5225,129.0,136.2779,-7.2779,1.0,-17.8892
5255,130.0,136.8179,-6.8179,0.0,-13.6390
5285,131.0,137.3573,-6.3573,0.0,-9.3573
5315,131.0,137.8959,-6.8959,-2.0,-13.6292
5345,131.0,138.4338,-7.4338,3.0,-22.1773
5375,131.0,138.9710,-7.9710,11.0,-35.0079
5406,131.0,139.5254,-8.5254,11.0,-31.6387
5437,132.0,140.0791,-8.0791,11.0,-11.0509
5468,133.0,140.6320,-7.6320,9.0,-16.2439
5499,134.0,141.1842,-7.1842,10.0,-12.8103
5530,136.0,141.7356,-5.7356,4.0,7.8789
5562,136.0,142.3041,-6.3041,6.0,-6.8802
5594,136.0,142.8719,-6.8719,8.0,4.2504
5625,136.0,143.4212,-7.4212,13.0,-18.1150
5658,139.0,144.0051,-5.0051,12.0,0.7194
5690,139.0,144.5706,-5.5706,7.0,3.2947
5722,139.0,145.1354,-6.1354,6.0,5.8914
5755,140.0,145.7171,-5.7171,5.0,7.5140
5788,140.0,146.2979,-6.2979,5.0,-8.1613
5821,140.0,146.8781,-6.8781,5.0,2.1724
5854,141.0,147.4574,-6.4574,1.0,12.5364
5887,143.0,148.0360,-5.0360,-9.0,31.6010
5921,143.0,148.6314,-5.6314,-5.0,14.9664
5954,143.0,149.2085,-6.2085,-4.0,16.7212
5988,143.0,149.8023,-6.8023,-4.0,0.1149
6022,143.0,150.3954,-7.3954,3.0,-16.4830
6057,143.0,151.0050,-8.0050,3.0,-7.9508
6091,144.0,151.5965,-7.5965,-2.0,1.6129
6126,144.0,152.2046,-8.2046,-2.0,-7.2333
6161,145.0,152.8119,-7.8119,-5.0,-7.3433
6196,145.0,153.4184,-8.4184,0.0,-24.8890
6231,146.0,154.0241,-8.0241,-10.0,1.2495
6267,146.0,154.6464,-8.6464,-9.0,-4.1573
6302,148.0,155.2505,-7.2505,-15.0,13.3173
6338,148.0,155.8711,-7.8711,-19.0,21.0773
6374,149.0,156.4909,-7.4909,-24.0,37.6234
6411,149.0,157.1271,-8.1271,-20.0,26.9101
6447,149.0,157.7453,-8.7453,-14.0,8.4457
6484,150.0,158.3799,-8.3799,-20.0,15.3161
6521,150.0,159.0136,-9.0136,-12.0,-4.1229
6558,151.0,159.6465,-8.6465,-14.0,-5.9771
6596,152.0,160.2957,-8.2957,-20.0,1.0745
6633,152.0,160.9269,-8.9269,-14.0,-9.5372
6671,153.0,161.5744,-8.5744,-11.0,-12.3262
6709,155.0,162.2211,-7.2211,-19.0,11.3346
6747,155.0,162.8669,-7.8669,-16.0,-0.2226
6786,157.0,163.5289,-6.5289,-17.0,-3.9410
6824,158.0,164.1730,-6.1730,-13.0,-6.6408
6863,159.0,164.8333,-5.8333,-20.0,10.2884
6902,160.0,165.4927,-5.4927,-16.0,11.0530
6942,160.0,166.1682,-6.1682,-13.0,-2.4241
6981,162.0,166.8259,-4.8259,-24.0,20.5130
7021,162.0,167.4996,-5.4996,-29.0,33.6356
7061,162.0,168.1725,-6.1725,-24.0,29.0739
7101,162.0,168.8444,-6.8444,-14.0,6.8022
7142,163.0,169.5324,-6.5324,-9.0,10.1540
7182,163.0,170.2026,-7.2026,0.0,-3.2162
7223,164.0,170.8888,-6.8888,-3.0,9.0789
7264,164.0,171.5741,-7.5741,3.0,12.5171
7306,164.0,172.2752,-8.2752,5.0,-11.6944
7347,166.0,172.9587,-6.9587,6.0,-8.2025
7389,167.0,173.6580,-6.6580,8.0,-23.4925
7431,167.0,174.3564,-7.3564,13.0,-38.7620
7474,168.0,175.0706,-7.0706,19.0,-46.0981
7516,169.0,175.7672,-6.7672,13.0,-34.5702
7559,171.0,176.4795,-5.4795,6.0,-6.1488
7602,172.0,177.1909,-5.1909,-2.0,4.4501
7646,172.0,177.9180,-5.9180,2.0,5.1444
7689,172.0,178.6276,-6.6276,-3.0,6.8709
7733,172.0,179.3527,-7.3527,-6.0,16.5726
7777,173.0,180.0770,-7.0770,-4.0,8.3957
7821,173.0,180.8004,-7.8004,-2.0,-8.7188
7866,173.0,181.5392,-8.5392,5.0,-17.8527
7911,174.0,182.2771,-8.2771,2.0,-0.0447
7956,175.0,183.0141,-8.0141,-8.0,13.3190
8001,175.0,183.7501,-8.7501,-1.0,-13.7122
8047,176.0,184.5016,-8.5016,9.0,-23.7539
8093,177.0,185.2521,-8.2521,10.0,-6.7775
8139,177.0,186.0016,-9.0016,15.0,-16.7726
8185,177.0,186.7502,-9.7502,20.0,-17.7345
8232,179.0,187.5142,-8.5142,19.0,-18.9733
8279,179.0,188.2771,-9.2771,19.0,-11.8633
8326,180.0,189.0391,-9.0391,16.0,-4.7197
8373,180.0,189.8001,-9.8001,22.0,-15.5980
8421,181.0,190.5764,-9.5764,24.0,-27.4574
8469,182.0,191.3517,-9.3517,21.0,-12.1697
8517,182.0,192.1260,-10.1260,32.0,-42.0724
8566,183.0,192.9154,-9.9154,33.0,-36.7585
8614,184.0,193.6878,-9.6878,27.0,-39.4657
8664,185.0,194.4913,-9.4913,25.0,-35.0819
8713,185.0,195.2778,-10.2778,17.0,-11.5216
8763,185.0,196.0793,-11.0793,12.0,2.0091
8813,185.0,196.8798,-11.8798,11.0,-11.6641
8863,188.0,197.6794,-9.6794,3.0,11.0323
8913,188.0,198.4779,-10.4779,7.0,-11.6923
8964,188.0,199.2914,-11.2914,5.0,-8.1026
9015,191.0,200.1038,-9.1038,0.0,4.6291
9066,192.0,200.9153,-8.9153,0.0,-0.8215
9118,192.0,201.7416,-9.7416,3.0,-16.3607
9170,192.0,202.5669,-10.5669,3.0,-13.6354
9222,192.0,203.3912,-11.3912,-3.0,-1.7496
9275,193.0,204.2303,-11.2303,-2.0,-18.2240
9328,194.0,205.0683,-11.0683,-5.0,-7.2610
9381,195.0,205.9053,-10.9053,-7.0,-5.4003
9434,197.0,206.7413,-9.7413,-16.0,19.3736
9488,199.0,207.5919,-8.5919,-22.0,29.4573
9542,199.0,208.4415,-9.4415,-24.0,30.4212
9597,199.0,209.3058,-10.3058,-19.0,2.9178
9651,200.0,210.1533,-10.1533,-18.0,22.2955
9706,201.0,211.0155,-10.0155,-27.0,13.1849
9762,202.0,211.8922,-9.8922,-30.0,12.2852
9817,203.0,212.7522,-9.7522,-36.0,30.7987
9873,204.0,213.6268,-9.6268,-39.0,39.1642
9929,205.0,214.5003,-9.5003,-40.0,38.3690
9986,205.0,215.3882,-10.3882,-29.0,27.3967
10043,207.0,216.2751,-9.2751,-17.0,7.2472
10100,209.0,217.1609,-8.1609,-17.0,14.7753
10158,210.0,218.0611,-8.0611,-19.0,12.1146
10215,210.0,218.9448,-8.9448,-22.0,24.3263
10274,211.0,219.8583,-8.8583,-27.0,39.2101
10332,213.0,220.7552,-7.7552,-34.0,36.6551
10391,213.0,221.6664,-8.6664,-32.0,33.1264
10450,214.0,222.5765,-8.5765,-24.0,11.1331
10510,216.0,223.5010,-7.5010,-26.0,25.1867
10570,217.0,224.4242,-7.4242,-20.0,11.5013
10630,217.0,225.3464,-8.3464,-21.0,11.7509
10691,217.0,226.2828,-9.2828,-19.0,24.9454
10751,218.0,227.2027,-9.2027,-19.0,20.6269
10813,218.0,228.1521,-10.1521,-16.0,5.0535
10874,219.0,229.0850,-10.0850,-9.0,9.0974
10936,220.0,230.0321,-10.0321,-6.0,-6.4224
10999,221.0,230.9933,-9.9933,-9.0,4.9968
11061,222.0,231.9380,-9.9380,1.0,-10.4574
11124,224.0,232.8969,-8.8969,-2.0,1.0558
11188,226.0,233.8697,-7.8697,-1.0,2.2965
11251,226.0,234.8263,-8.8263,1.0,-14.0724
11316,226.0,235.8119,-9.8119,2.0,-13.7563
11380,227.0,236.7812,-9.7812,9.0,-21.7397
11445,227.0,237.7645,-10.7645,12.0,-21.3423
11510,228.0,238.7466,-10.7466,11.0,-6.8819
11576,229.0,239.7425,-10.7425,18.0,-35.4688
11642,229.0,240.7373,-11.7373,16.0,-35.9552
11708,230.0,241.7308,-11.7308,24.0,-45.7594
11775,231.0,242.7382,-11.7382,42.0,-75.2806
11842,233.0,243.7444,-10.7444,27.0,-29.7619
11909,233.0,244.7493,-11.7493,28.0,-35.7710
11977,235.0,245.7680,-10.7680,17.0,-19.2776
12045,236.0,246.7855,-10.7855,15.0,-21.5200
12114,238.0,247.8167,-9.8167,15.0,-15.3190
12183,239.0,248.8467,-9.8467,16.0,-24.7536
12252,241.0,249.8754,-8.8754,21.0,-27.8755
12322,241.0,250.9177,-9.9177,21.0,-31.9676
12392,242.0,251.9588,-9.9588,12.0,-26.5913
12463,242.0,253.0135,-11.0135,16.0,-22.1698
12534,242.0,254.0670,-12.0670,9.0,-8.2696
12606,243.0,255.1340,-12.1340,2.0,4.6795
12677,244.0,256.1848,-12.1848,3.0,18.6804
12750,244.0,257.2640,-13.2640,8.0,11.8341
12822,245.0,258.3272,-13.3272,8.0,10.7557
12895,245.0,259.4038,-14.4038,4.0,-5.4755
12969,246.0,260.4938,-14.4938,-4.0,15.1972
13043,248.0,261.5826,-13.5826,-13.0,35.9295
13117,248.0,262.6700,-14.6700,-12.0,18.8053
13192,248.0,263.7708,-15.7708,-14.0,38.6535
13267,249.0,264.8703,-15.8703,-19.0,30.0906
13342,250.0,265.9685,-15.9685,-15.0,31.0656
13419,251.0,267.0946,-16.0946,-5.0,11.0815
13495,251.0,268.2048,-17.2048,1.0,11.1403
13572,251.0,269.3282,-18.3282,8.0,-8.7828
13649,251.0,270.4503,-19.4503,5.0,-9.6324
13727,255.0,271.5856,-16.5856,0.0,17.1414
13805,256.0,272.7195,-16.7195,-4.0,15.3810
13884,258.0,273.8666,-15.8666,-6.0,22.2074
13963,260.0,275.0124,-15.0124,7.0,19.5370
14043,262.0,276.1712,-14.1712,18.0,6.3679
14123,263.0,277.3287,-14.3287,20.0,-6.7662
14203,263.0,278.4848,-15.4848,18.0,-19.8568
14284,264.0,279.6540,-15.6540,23.0,-43.4731
14365,265.0,280.8218,-15.8218,11.0,-57.4862
14447,267.0,282.0026,-15.0026,15.0,-34.1530
14530,267.0,283.1964,-16.1964,16.0,-59.6685
14612,270.0,284.3744,-14.3744,6.0,-45.8096
14696,271.0,285.5797,-14.5797,5.0,-41.0847
14779,271.0,286.7693,-15.7693,-7.0,0.6946
14864,271.0,287.9861,-16.9861,-13.0,-7.4751
14948,272.0,289.1871,-17.1871,-20.0,4.6179
15033,272.0,290.4010,-18.4010,-5.0,-13.0767
15119,272.0,291.6277,-19.6277,7.0,-22.1073
15205,273.0,292.8530,-19.8530,7.0,-11.8438
15292,275.0,294.0911,-19.0911,-6.0,7.1173
15379,277.0,295.3277,-18.3277,-8.0,26.1362
15467,277.0,296.5771,-19.5771,-10.0,34.5753
15555,277.0,297.8249,-20.8249,-13.0,14.1214
15643,279.0,299.0714,-20.0714,-22.0,24.2832
15733,281.0,300.3446,-19.3446,-22.0,30.8876
15822,282.0,301.6022,-19.6022,-31.0,57.8837
15912,283.0,302.8725,-19.8725,-18.0,45.2652
16003,284.0,304.1553,-20.1553,-28.0,41.3624
16094,286.0,305.4367,-19.4367,-33.0,47.2038
16186,287.0,306.7306,-19.7306,-34.0,27.8665
16278,289.0,308.0230,-19.0230,-37.0,42.5061
16371,290.0,309.3279,-19.3279,-30.0,27.1179
16464,291.0,310.6313,-19.6313,-29.0,22.1710
16558,291.0,311.9471,-20.9471,-27.0,5.8652
16652,293.0,313.2615,-20.2615,-21.0,9.0424
16747,294.0,314.5882,-20.5882,-22.0,11.2736
16843,295.0,315.9274,-20.9274,-22.0,-4.9447
16939,296.0,317.2650,-21.2650,-20.0,-3.5915
17035,298.0,318.6010,-20.6010,-25.0,7.5572
17132,298.0,319.9494,-21.9494,-21.0,-1.7297
17230,300.0,321.3101,-21.3101,-22.0,-7.0895
17328,301.0,322.6692,-21.6692,-20.0,-17.2706
17427,303.0,324.0405,-21.0405,-16.0,0.8857
17526,304.0,325.4103,-21.4103,-22.0,19.1095
17626,306.0,326.7923,-20.7923,-16.0,16.8558
17726,308.0,328.1727,-20.1727,0.0,-4.9052
17827,310.0,329.5653,-19.5653,-4.0,-8.0514
17929,313.0,330.9701,-17.9701,-5.0,7.4513
18031,315.0,332.3732,-17.3732,-8.0,-6.3782
18134,320.0,333.7884,-13.7884,-12.0,27.8618
18237,320.0,335.2020,-15.2020,-19.0,32.7597
18341,323.0,336.6277,-13.6277,-22.0,46.5305
18446,323.0,338.0654,-15.0654,-21.0,49.5529
18551,325.0,339.5014,-14.5014,-23.0,52.6330
18656,325.0,340.9358,-15.9358,-4.0,6.6169
18763,325.0,342.3958,-17.3958,1.0,7.8221
18870,325.0,343.8541,-18.8541,18.0,-15.5187
18977,327.0,345.3108,-18.3108,36.0,-43.7308
19085,328.0,346.7793,-18.7793,40.0,-43.3344
19194,330.0,348.2598,-18.2598,49.0,-73.4554
19303,331.0,349.7385,-18.7385,48.0,-64.0745
19413,332.0,351.2292,-19.2292,43.0,-80.2996
19524,335.0,352.7316,-17.7316,26.0,-23.4090
19635,336.0,354.2323,-18.2323,34.0,-25.7098
19747,337.0,355.7448,-18.7448,48.0,-47.6150
19860,339.0,357.2690,-18.2690,48.0,-41.8955
19973,341.0,358.7915,-17.7915,35.0,-36.1013
20087,343.0,360.3256,-17.3256,25.0,-31.2456
20201,344.0,361.8581,-17.8581,23.0,3.4119
20316,345.0,363.4022,-18.4022,26.0,-32.2585
20432,346.0,364.9579,-18.9579,26.0,0.5682
20548,349.0,366.5119,-17.5119,27.0,-16.1531
20665,351.0,368.0775,-17.0775,45.0,-33.8209
20783,354.0,369.6546,-15.6546,44.0,-22.6070
20902,356.0,371.2433,-15.2433,39.0,-42.1537
21021,359.0,372.8302,-13.8302,38.0,-21.8416
21140,360.0,374.4152,-14.4152,36.0,-41.2809
21261,361.0,376.0251,-15.0251,34.0,-32.7858
21382,363.0,377.6332,-14.6332,27.0,-44.1432
21504,364.0,379.2526,-15.2526,20.0,-26.5167
21626,369.0,380.8703,-11.8703,4.0,11.1487
21750,371.0,382.5126,-11.5126,3.0,-13.0038
21874,372.0,384.1530,-12.1530,-6.0,12.8502
21998,372.0,385.7915,-13.7915,-6.0,-11.1882
22124,375.0,387.4546,-12.4546,-15.0,22.8384
22250,376.0,389.1158,-13.1158,-17.0,11.9154
22376,379.0,390.7751,-11.7751,-22.0,16.0791
22504,380.0,392.4589,-12.4589,-25.0,8.3025
22632,383.0,394.1407,-11.1407,-18.0,-9.4307
22761,386.0,395.8338,-9.8338,-19.0,22.0472
22891,387.0,397.5380,-10.5380,-23.0,17.4906
23021,388.0,399.2403,-11.2403,-25.0,18.0333
23152,391.0,400.9538,-9.9538,-34.0,37.7296
23284,392.0,402.6784,-10.6784,-24.0,26.3578
23417,394.0,404.4141,-10.4141,-31.0,24.1110
23550,395.0,406.1479,-11.1479,-33.0,-8.2426
23685,398.0,407.9057,-9.9057,-33.0,27.9399
23820,400.0,409.6615,-9.6615,-38.0,33.9989
23955,402.0,411.4154,-9.4154,-39.0,40.1298
24092,402.0,413.1933,-11.1933,-54.0,74.6066
24229,404.0,414.9691,-10.9691,-65.0,99.0814
24367,404.0,416.7559,-12.7559,-50.0,41.8655
24506,406.0,418.5536,-12.5536,-56.0,47.6810
24646,406.0,420.3623,-14.3623,-46.0,18.8808
24786,406.0,422.1688,-16.1688,-33.0,5.3190
24927,407.0,423.9863,-16.9863,-25.0,6.0137
25069,409.0,425.8146,-16.8146,-16.0,-14.4687
25212,410.0,427.6537,-17.6537,-7.0,-15.6198
25356,412.0,429.5036,-17.5036,-2.0,-7.5509
25500,414.0,431.3514,-17.3514,-4.0,-9.5429
25646,416.0,433.2228,-17.2228,-12.0,-3.2939
25792,416.0,435.0920,-19.0920,-16.0,-17.2809
25939,419.0,436.9720,-17.9720,-5.0,-1.7076
26087,420.0,438.8627,-18.8627,5.0,-17.5482
26235,421.0,440.7512,-19.7512,7.0,-12.9698
26385,423.0,442.6632,-19.6632,7.0,-10.3108
26535,423.0,444.5730,-21.5730,16.0,-7.5682
26686,424.0,446.4933,-22.4933,6.0,-21.0144
26838,427.0,448.4243,-21.4243,-8.0,10.4801
26991,431.0,450.3658,-19.3658,-13.0,30.8850
27145,433.0,452.3178,-19.3178,-20.0,40.1836
27300,435.0,454.2803,-19.2803,-12.0,17.9475
27455,436.0,456.2406,-20.2406,7.0,-24.6530
27612,440.0,458.2240,-18.2240,18.0,-48.7541
27769,443.0,460.2052,-17.2052,14.0,-31.8551
27927,445.0,462.1968,-17.1968,2.0,-10.7572
28086,446.0,464.1988,-18.1988,-7.0,-5.9168
28246,449.0,466.2111,-17.2111,-2.0,-22.4803
28407,452.0,468.2338,-16.2338,7.0,-50.2102
28569,454.0,470.2668,-16.2668,-1.0,-35.2734
28732,457.0,472.3101,-15.3101,-18.0,37.7686
28896,458.0,474.3636,-16.3636,-21.0,27.7978
29060,459.0,476.4149,-17.4149,-21.0,17.9121
29226,461.0,478.4888,-17.4888,-14.0,26.6777
29393,462.0,480.5730,-18.5730,-9.0,24.2520
29560,463.0,482.6549,-19.6549,17.0,1.3233
29728,465.0,484.7469,-19.7469,20.0,-1.9308
29898,467.0,486.8615,-19.8615,26.0,-13.9525
30068,468.0,488.9738,-20.9738,19.0,-55.0984
30240,470.0,491.1085,-21.1085,4.0,-31.1374
30412,472.0,493.2409,-21.2409,12.0,-38.0256
30585,475.0,495.3834,-20.3834,32.0,-45.8158
30759,475.0,497.5358,-22.5358,40.0,-64.8468
30935,478.0,499.7106,-21.7106,44.0,-54.7868
31111,479.0,501.8831,-22.8831,48.0,-65.3094
31288,483.0,504.0654,-21.0654,36.0,-4.2999
31466,485.0,506.2577,-21.2577,43.0,-58.0627
31646,487.0,508.4722,-21.4722,57.0,-51.5974
31826,490.0,510.6843,-20.6843,55.0,-55.3936
32007,491.0,512.9062,-21.9062,68.0,-101.5702
32190,496.0,515.1502,-19.1502,55.0,-71.8526
32373,499.0,517.3917,-18.3917,43.0,-36.8171
32558,502.0,519.6553,-17.6553,29.0,-34.8378
32743,505.0,521.9164,-16.9164,27.0,-22.3688
32930,508.0,524.1995,-16.1995,22.0,-26.6925
33117,511.0,526.4800,-15.4800,5.0,15.2138
33306,514.0,528.7824,-14.7824,11.0,-17.6289
33496,516.0,531.0945,-15.0945,-4.0,11.1108
33687,519.0,533.4162,-14.4162,-18.0,49.3951
33879,523.0,535.7476,-12.7476,-23.0,65.9520
34072,524.0,538.0885,-14.0885,-22.0,39.8857
34266,528.0,540.4390,-12.4390,-26.0,12.9190
34461,530.0,542.7990,-12.7990,-22.0,26.8061
34658,535.0,545.1807,-10.1807,-28.0,49.2609
34855,538.0,547.5597,-9.5597,-25.0,61.3826
35054,540.0,549.9603,-9.9603,-12.0,19.3093
35253,541.0,552.3583,-11.3583,-16.0,19.1828
35454,543.0,554.7778,-11.7778,-27.0,38.1202
35656,546.0,557.2067,-11.2067,-22.0,14.2567
35859,549.0,559.6449,-10.6449,-7.0,-20.9831
36064,551.0,562.1046,-11.1046,-11.0,-5.6899
36269,552.0,564.5615,-12.5615,-5.0,-11.2677
36476,554.0,567.0397,-13.0397,3.0,-29.2386
36684,555.0,569.5273,-14.5273,-3.0,-0.8255
36893,557.0,572.0240,-15.0240,-9.0,21.4573
37103,560.0,574.5300,-14.5300,-14.0,42.8600
37314,562.0,577.0453,-15.0453,-28.0,26.5637
37527,564.0,579.5816,-15.5816,-31.0,34.6952
37741,568.0,582.1271,-14.1271,-38.0,52.4669
37956,570.0,584.6817,-14.6817,-25.0,6.1269
38172,571.0,587.2454,-16.2454,-22.0,-20.0344
38390,573.0,589.8301,-16.8301,-36.0,4.6737
38609,577.0,592.4239,-15.4239,-19.0,-45.3866
38828,581.0,595.0148,-14.0148,-18.0,-16.1337
39050,583.0,597.6385,-14.6385,1.0,-5.5997
39272,586.0,600.2593,-14.2593,-16.0,15.6397
39496,588.0,602.9009,-14.9009,-25.0,-7.3240
39721,589.0,605.5514,-16.5514,-17.0,-4.7116
39947,591.0,608.2109,-17.2109,-9.0,12.9137
40175,594.0,610.8910,-16.8910,-18.0,18.0764
40404,594.0,613.5800,-19.5800,-9.0,-41.2683
40634,596.0,616.2778,-20.2778,-3.0,-37.8598
40866,599.0,618.9962,-19.9962,-8.0,-46.9313
41099,599.0,621.7234,-22.7234,6.0,-56.8955
41333,603.0,624.4594,-21.4594,-13.0,-25.2369
41568,606.0,627.2041,-21.2041,-14.0,-36.9597
41805,608.0,629.9692,-21.9692,-25.0,-18.6573
42043,612.0,632.7430,-20.7430,-37.0,30.7246
42283,616.0,635.5372,-19.5372,-45.0,35.6632
42524,618.0,638.3400,-20.3400,-66.0,93.0058
42766,621.0,641.1514,-20.1514,-74.0,96.2083
43010,623.0,643.9831,-20.9831,-76.0,108.1982
43255,624.0,646.8233,-22.8233,-47.0,65.9614
43501,626.0,649.6721,-23.6721,-35.0,33.5173
43749,630.0,652.5410,-22.5410,-21.0,9.8672
43999,634.0,655.4299,-21.4299,-20.0,16.4080
44249,638.0,658.3158,-20.3158,-9.0,33.7744
44501,641.0,661.2217,-20.2217,7.0,6.4795
44755,644.0,664.1475,-20.1475,2.0,36.1885
45010,645.0,667.0818,-22.0818,1.0,48.9846
45266,648.0,670.0244,-22.0244,-3.0,7.3388
45524,650.0,672.9869,-22.9869,-1.0,-4.0328
45784,651.0,675.9691,-24.9691,5.0,-6.5396
46045,652.0,678.9597,-26.9597,32.0,-52.8527
46307,657.0,681.9586,-24.9586,32.0,-35.6089
46571,659.0,684.9771,-25.9771,29.0,-52.4500
46836,664.0,688.0039,-24.0039,30.0,-16.4038
47103,665.0,691.0503,-26.0503,49.0,-89.7733
47372,667.0,694.1163,-27.1163,61.0,-78.9387
47641,669.0,697.1791,-28.1791,57.0,-57.1840
47913,675.0,700.2727,-25.2727,57.0,-49.0546
48186,676.0,703.3745,-27.3745,77.0,-74.1195
48461,678.0,706.4957,-28.4957,93.0,-101.0516
48737,683.0,709.6249,-26.6249,80.0,-85.6957
49014,688.0,712.7621,-24.7621,75.0,-71.1828
49294,693.0,715.9301,-22.9301,65.0,-48.7120
49575,699.0,719.1059,-20.1059,47.0,-27.0762
49857,702.0,722.2898,-20.2898,33.0,-11.6827
50141,708.0,725.4928,-17.4928,18.0,18.0995
50427,709.0,728.7150,-19.7150,-1.0,13.5663
50714,712.0,731.9451,-19.9451,14.0,-31.5387
51003,714.0,735.1943,-21.1943,20.0,-38.7756
51294,718.0,738.4626,-20.4626,29.0,-58.7057
51586,723.0,741.7386,-18.7386,28.0,-8.9835
51880,727.0,745.0337,-18.0337,9.0,11.7790
52176,729.0,748.3476,-19.3476,7.0,-12.7357
52473,732.0,751.6693,-19.6693,10.0,-32.6827
52772,734.0,755.0099,-21.0099,14.0,-16.4247
53073,736.0,758.3693,-22.3693,16.0,-34.6321
53375,742.0,761.7364,-19.7364,14.0,-21.0564
53679,745.0,765.1222,-20.1222,11.0,-20.1921
53985,747.0,768.5267,-21.5267,24.0,-21.1720
54293,748.0,771.9499,-23.9499,32.0,-51.2421
54602,753.0,775.3807,-22.3807,7.0,10.5327
54913,754.0,778.8300,-24.8300,12.0,-27.7042
55226,757.0,782.2979,-25.2979,7.0,-24.1301
55541,760.0,785.7844,-25.7844,24.0,-66.0798
55857,764.0,789.2783,-25.2783,17.0,-10.5285
56175,768.0,792.7906,-24.7906,-2.0,-11.4589
56495,772.0,796.3214,-24.3214,-14.0,-14.2189
56817,777.0,799.8705,-22.8705,-45.0,24.9575
57141,780.0,803.4380,-23.4380,-73.0,67.7980
57467,785.0,807.0238,-22.0238,-58.0,81.4310
57794,788.0,810.6169,-22.6169,-54.0,94.2606
58124,790.0,814.2391,-24.2391,-68.0,87.8047
58455,797.0,817.8686,-20.8686,-70.0,140.8692
58788,799.0,821.5162,-22.5162,-63.0,104.3077
59123,803.0,825.1820,-22.1820,-90.0,121.9319
59460,808.0,828.8658,-20.8658,-98.0,147.6169
59798,811.0,832.5567,-21.5567,-103.0,172.4869
60139,813.0,836.2766,-23.2766,-94.0,128.5464
60482,815.0,840.0144,-25.0144,-72.0,71.7329
60827,818.0,843.7701,-25.7701,-64.0,90.1646
61173,822.0,847.5328,-25.5328,-67.0,63.7054
61522,825.0,851.3242,-26.3242,-63.0,34.4246
61872,826.0,855.1226,-29.1226,-67.0,37.3782
62225,830.0,858.9496,-28.9496,-77.0,59.5988
62579,831.0,862.7835,-31.7835,-45.0,-7.3215
62936,832.0,866.6459,-34.6459,-39.0,-10.8200
63295,837.0,870.5259,-33.5259,-32.0,-65.8776
63655,843.0,874.4128,-31.4128,-55.0,27.5140
64018,845.0,878.3280,-33.3280,-72.0,40.6796
64383,848.0,882.2608,-34.2608,-48.0,-3.2989
64750,851.0,886.2110,-35.2110,-11.0,-49.1071
65119,856.0,890.1787,-34.1787,8.0,-52.4227
65490,859.0,894.1638,-35.1638,2.0,-57.5627
65863,866.0,898.1663,-32.1663,-4.0,13.8272
66238,869.0,902.1861,-33.1861,29.0,-22.6822
66615,871.0,906.2233,-35.2233,27.0,-44.3512
66995,874.0,910.2884,-36.2884,30.0,-46.6239
67377,879.0,914.3707,-35.3707,34.0,-39.5954
67761,883.0,918.4702,-35.4702,26.0,10.1146
68147,885.0,922.5869,-37.5869,26.0,24.6676
68535,889.0,926.7207,-37.7207,40.0,-29.3552
68926,893.0,930.8821,-37.8821,53.0,-26.8059
69318,897.0,935.0500,-38.0500,67.0,-56.6332
69713,900.0,939.2455,-39.2455,86.0,-117.1605
70111,906.0,943.4685,-37.4685,75.0,-135.8880
70510,913.0,947.6978,-34.6978,49.0,-77.3048
70912,917.0,951.9546,-34.9546,61.0,-110.8132
71316,922.0,956.2283,-34.2283,42.0,-90.2874
71722,929.0,960.5187,-31.5187,28.0,-15.6593
72131,933.0,964.8364,-31.8364,32.0,11.5010
72542,939.0,969.1709,-30.1709,39.0,-13.4807
72955,942.0,973.5220,-31.5220,19.0,21.3157
73371,945.0,977.9003,-32.9003,34.0,-25.0711
73789,947.0,982.2951,-35.2951,42.0,-11.6319
74210,951.0,986.7171,-35.7171,46.0,-6.5682
74632,955.0,991.1450,-36.1450,37.0,-2.2974
75058,959.0,995.6104,-36.6104,21.0,-1.8161
75485,963.0,1000.0817,-37.0817,21.0,-24.5754
75915,966.0,1004.5799,-38.5799,-8.0,-5.2050
76348,971.0,1009.1049,-38.1049,-2.0,-22.3206
76783,975.0,1013.6462,-38.6462,11.0,-24.3506
77221,978.0,1018.2142,-40.2142,6.0,-68.5458
77661,985.0,1022.7985,-37.7985,-2.0,20.5472
78103,987.0,1027.3989,-40.3989,-7.0,6.5315
78548,992.0,1032.0259,-40.0259,4.0,-19.9219
78996,996.0,1036.6794,-40.6794,11.0,-22.5869
79446,999.0,1041.3489,-42.3489,14.0,-21.3744
79899,1005.0,1046.0449,-41.0449,1.0,-19.1763
80354,1010.0,1050.7568,-40.7568,9.0,5.7100
80812,1018.0,1055.4950,-37.4950,-2.0,22.2006
81272,1024.0,1060.2492,-36.2492,-8.0,36.9111
81735,1029.0,1065.0295,-36.0295,-28.0,48.8657
82201,1035.0,1069.8360,-34.8360,-48.0,69.3738
82669,1040.0,1074.6583,-34.6583,-54.0,99.4433
83140,1045.0,1079.5066,-34.5066,-45.0,58.8128
83614,1051.0,1084.3809,-33.3809,-27.0,52.2258
84091,1054.0,1089.2811,-35.2811,-2.0,6.0251
84570,1060.0,1094.1970,-34.1970,-6.0,48.7855
85052,1065.0,1099.1387,-34.1387,20.0,-1.9785
85536,1071.0,1104.0959,-33.0959,30.0,2.2367
86024,1076.0,1109.0891,-33.0891,59.0,-37.0685
86514,1081.0,1114.0977,-33.0977,29.0,29.8325
87007,1084.0,1119.1320,-35.1320,35.0,-42.4422
87503,1090.0,1124.1919,-34.1919,39.0,-60.6301
88001,1099.0,1129.2671,-30.2671,26.0,33.2361
88503,1102.0,1134.3779,-32.3779,46.0,-92.9574
89007,1108.0,1139.5040,-31.5040,29.0,-107.0216
89514,1109.0,1144.6555,-35.6555,13.0,-78.2589
90024,1117.0,1149.8323,-32.8323,4.0,4.8068
90537,1123.0,1155.0343,-32.0343,-2.0,28.1117
91053,1126.0,1160.2616,-34.2616,15.0,-42.6471
91572,1134.0,1165.5140,-31.5140,1.0,-24.8170
92094,1136.0,1170.7916,-34.7916,-11.0,-66.8516
92618,1142.0,1176.0841,-34.0841,-21.0,-30.6209
93146,1149.0,1181.4117,-32.4117,-48.0,59.0781
93677,1155.0,1186.7642,-31.7642,-51.0,43.0840
94211,1163.0,1192.1417,-29.1417,-72.0,24.3578
94747,1171.0,1197.5339,-26.5339,-91.0,43.9777
95287,1176.0,1202.9610,-26.9610,-115.0,111.4642
95830,1179.0,1208.4128,-29.4128,-122.0,130.3801
96376,1184.0,1213.8894,-29.8894,-119.0,100.6727
96926,1188.0,1219.4006,-31.4006,-122.0,95.9186
97478,1194.0,1224.9263,-30.9263,-88.0,60.7222
98033,1204.0,1230.4766,-26.4766,-70.0,51.5101
98592,1208.0,1236.0614,-28.0614,-62.0,9.8357
99154,1218.0,1241.6706,-23.6706,-66.0,80.4351
99719,1223.0,1247.3042,-24.3042,-57.0,56.2881
100287,1225.0,1252.9621,-27.9621,-30.0,6.3664
100858,1230.0,1258.6443,-28.6443,-3.0,17.0529
101433,1235.0,1264.3606,-29.3606,-18.0,29.8042
102011,1240.0,1270.1011,-30.1011,-35.0,62.8939
102592,1248.0,1275.8657,-27.8657,-55.0,127.8831
103177,1254.0,1281.6643,-27.6643,-40.0,62.2452
103765,1257.0,1287.4869,-30.4869,7.0,-29.2272
104356,1266.0,1293.3334,-27.3334,0.0,7.4703
104951,1273.0,1299.2138,-26.2138,-21.0,36.6290
105549,1277.0,1305.1179,-28.1179,-29.0,39.9749
106150,1280.0,1311.0459,-31.0459,-23.0,-40.3851
106755,1289.0,1317.0074,-28.0074,-32.0,49.1449
107363,1294.0,1322.9927,-28.9927,-17.0,43.3630
107975,1297.0,1329.0114,-32.0114,2.0,-58.7992
108590,1304.0,1335.0537,-31.0537,-4.0,-24.6209
109209,1312.0,1341.1293,-29.1293,4.0,5.8910
109831,1318.0,1347.2284,-29.2284,-1.0,4.6966
110457,1321.0,1353.3607,-32.3607,20.0,-87.2789
111086,1329.0,1359.5164,-30.5164,8.0,-42.6067
111719,1333.0,1365.7052,-32.7052,24.0,-82.9468
112356,1341.0,1371.9270,-30.9270,29.0,12.5320
112996,1346.0,1378.1720,-32.1720,67.0,-104.0088
113640,1357.0,1384.4498,-27.4498,74.0,-55.5794
114288,1362.0,1390.7605,-28.7605,88.0,-51.5299
114939,1367.0,1397.0943,-30.0943,91.0,-96.7584
115594,1373.0,1403.4607,-30.4607,93.0,-134.0469
116252,1383.0,1409.8501,-26.8501,89.0,-57.4382
116915,1387.0,1416.2818,-29.2818,111.0,-113.7899
117581,1395.0,1422.7362,-27.7362,81.0,-79.4708
118251,1406.0,1429.2232,-23.2232,95.0,-58.5405
118925,1410.0,1435.7425,-25.7425,108.0,-78.2610
119603,1417.0,1442.2941,-25.2941,130.0,-160.1208
120284,1426.0,1448.8683,-22.8683,104.0,-92.6661
120969,1430.0,1455.4747,-25.4747,86.0,-46.3701
121659,1439.0,1462.1229,-23.1229,49.0,12.8315
122352,1448.0,1468.7935,-20.7935,38.0,4.9864
123049,1456.0,1475.4961,-19.4961,40.0,-0.6820
123750,1461.0,1482.2306,-21.2306,24.0,25.1688
124455,1468.0,1488.9970,-20.9970,21.0,0.4476
125165,1474.0,1495.8048,-21.8048,16.0,0.3859
125878,1478.0,1502.6347,-24.6347,17.0,-8.2036
126595,1483.0,1509.4963,-26.4963,13.0,3.0342
127316,1490.0,1516.3896,-26.3896,48.0,-48.1216
128042,1494.0,1523.3239,-29.3239,65.0,-45.1708
128771,1503.0,1530.2801,-27.2801,58.0,2.1884
129505,1512.0,1537.2773,-25.2773,10.0,39.0373
130243,1518.0,1544.3059,-26.3059,5.0,7.4918
130985,1525.0,1551.3657,-26.3657,-13.0,10.5615
131732,1532.0,1558.4662,-26.4662,1.0,-16.8135
132482,1539.0,1565.5884,-26.5884,-9.0,-47.5439
133237,1545.0,1572.7512,-27.7512,-40.0,-0.3555
133996,1553.0,1579.9450,-26.9450,-16.0,-27.5972
134760,1560.0,1587.1792,-27.1792,-4.0,-41.7704
135528,1570.0,1594.4443,-24.4443,1.0,-30.0301
136300,1576.0,1601.7402,-25.7402,-17.0,-33.7567
137077,1587.0,1609.0763,-22.0763,-48.0,64.3027
137858,1590.0,1616.4431,-26.4431,-81.0,52.3169
138643,1599.0,1623.8405,-24.8405,-104.0,119.5771
139433,1604.0,1631.2779,-27.2779,-104.0,57.9058
140228,1609.0,1638.7552,-29.7552,-86.0,44.8881
141027,1618.0,1646.2629,-28.2629,-98.0,87.5084
141830,1625.0,1653.8009,-28.8009,-127.0,138.4039
142638,1631.0,1661.3787,-30.3787,-102.0,125.3744
143451,1638.0,1668.9960,-30.9960,-49.0,-10.9862
144269,1646.0,1676.6528,-30.6528,-38.0,-15.4569
145091,1651.0,1684.3398,-33.3398,-50.0,-17.5780
145917,1657.0,1692.0567,-35.0567,-45.0,-35.1893
146749,1666.0,1699.8223,-33.8223,-38.0,-16.8016
147585,1673.0,1707.6178,-34.6178,-64.0,3.9561
148426,1678.0,1715.4524,-37.4524,-45.0,-63.2212
149272,1690.0,1723.3261,-33.3261,-59.0,23.7926
150122,1702.0,1731.2294,-29.2294,-50.0,67.5200
150978,1710.0,1739.1810,-29.1810,-36.0,46.0627
151838,1719.0,1747.1621,-28.1621,-53.0,146.2481
152703,1732.0,1755.1819,-23.1819,-82.0,140.4502
153573,1741.0,1763.2405,-22.2405,-93.0,177.8241
154448,1749.0,1771.3377,-22.3377,-93.0,138.9718
155328,1757.0,1779.4733,-22.4733,-78.0,119.4097
156214,1765.0,1787.6567,-22.6567,-53.0,94.2341
157104,1774.0,1795.8692,-21.8692,-54.0,53.5248
157999,1785.0,1804.1200,-19.1200,-68.0,97.9586
158899,1790.0,1812.4090,-22.4090,-65.0,36.0824
159805,1799.0,1820.7454,-21.7454,-72.0,76.4342
160715,1809.0,1829.1106,-20.1106,-56.0,65.2879
161631,1815.0,1837.5231,-22.5231,-38.0,56.9486
162552,1825.0,1845.9734,-20.9734,-11.0,-36.3402
163478,1834.0,1854.4615,-20.4615,7.0,21.7761
164410,1841.0,1862.9966,-21.9966,11.0,38.3534
165346,1848.0,1871.5602,-23.5602,55.0,-68.7589
166289,1853.0,1880.1797,-27.1797,39.0,-110.3735
167236,1863.0,1888.8276,-25.8276,37.0,-35.2953
168189,1870.0,1897.5220,-27.5220,80.0,-128.1608
169147,1876.0,1906.2538,-30.2538,118.0,-207.5572
170111,1883.0,1915.0320,-32.0320,94.0,-160.0781
171081,1889.0,1923.8565,-34.8565,97.0,-94.0308
172055,1897.0,1932.7091,-35.7091,86.0,-127.9072
173036,1903.0,1941.6168,-38.6168,83.0,-83.9460
174022,1912.0,1950.5616,-38.5616,82.0,-104.8062
175013,1921.0,1959.5432,-38.5432,69.0,-106.0848
176011,1930.0,1968.5798,-38.5798,100.0,-216.5171
177014,1947.0,1977.6531,-30.6531,39.0,-35.5714
178022,1953.0,1986.7630,-33.7630,69.0,-166.1676
179037,1967.0,1995.9276,-28.9276,80.0,-92.8341
180057,1977.0,2005.1287,-28.1287,47.0,48.6017
181083,1986.0,2014.3753,-28.3753,73.0,-81.7241
182115,2002.0,2023.6672,-21.6672,52.0,-96.5008
183152,2012.0,2032.9953,-20.9953,66.0,-67.3657
184196,2023.0,2042.3776,-19.3776,23.0,-56.8455
185245,2033.0,2051.7960,-18.7960,46.0,-38.6952
186301,2044.0,2061.2684,-17.2684,29.0,100.3510
187363,2056.0,2070.7857,-14.7857,29.0,57.9549
188430,2060.0,2080.3389,-20.3389,31.0,4.9413
189504,2071.0,2089.9457,-18.9457,47.0,48.6875
190584,2077.0,2099.5972,-22.5972,57.0,1.8531
191670,2090.0,2109.2932,-19.2932,92.0,-1.8491
192762,2101.0,2119.0337,-18.0337,50.0,43.7062
193860,2108.0,2128.8186,-20.8186,18.0,89.8767
194965,2115.0,2138.6566,-23.6566,2.0,7.8053
196076,2123.0,2148.5389,-25.5389,-10.0,42.0459
197193,2132.0,2158.4652,-26.4652,11.0,-20.5964
198317,2144.0,2168.4445,-24.4445,-3.0,38.2899
199447,2153.0,2178.4677,-25.4677,-4.0,18.5240
200583,2161.0,2188.5347,-27.5347,-12.0,-6.7273
201726,2170.0,2198.6544,-28.6544,11.0,-56.7626
202875,2178.0,2208.8177,-30.8177,16.0,-45.1217
204031,2194.0,2219.0334,-25.0334,39.0,-39.9160
205194,2205.0,2229.3014,-24.3014,43.0,-102.3084
206363,2215.0,2239.6129,-24.6129,13.0,-31.5342
207539,2227.0,2249.9764,-22.9764,-41.0,-20.2156
208722,2240.0,2260.3920,-20.3920,-68.0,58.1185
209911,2252.0,2270.8506,-18.8506,-58.0,75.9126
211107,2262.0,2281.3611,-19.3611,-66.0,154.6553
212310,2273.0,2291.9233,-18.9233,-61.0,141.1549
213520,2278.0,2302.5372,-24.5372,-15.0,53.7491
214736,2286.0,2313.1938,-27.1938,6.0,95.8740
215960,2291.0,2323.9106,-32.9106,-18.0,26.1992
217191,2301.0,2334.6787,-33.6787,-10.0,-86.7976
218428,2314.0,2345.4893,-31.4893,-5.0,-100.8253
219673,2324.0,2356.3597,-32.3597,-23.0,-42.3482
220924,2335.0,2367.2725,-32.2725,-53.0,72.2471
222183,2351.0,2378.2449,-27.2449,-80.0,68.7200
223449,2363.0,2389.2681,-26.2681,-92.0,95.7197
224723,2371.0,2400.3507,-29.3507,-55.0,41.3891
226003,2386.0,2411.4753,-25.4753,-84.0,80.2196
227291,2395.0,2422.6591,-27.6591,-64.0,17.1196
228586,2406.0,2433.8933,-27.8933,-56.0,29.8262
229888,2419.0,2445.1779,-26.1779,-122.0,190.4197
231198,2432.0,2456.5213,-24.5213,-131.0,189.3145
232516,2445.0,2467.9236,-22.9236,-114.0,156.1092
233841,2455.0,2479.3758,-24.3758,-79.0,5.2594
235173,2469.0,2490.8780,-21.8780,-75.0,82.8998
236513,2478.0,2502.4386,-24.4386,-42.0,-57.1145
237861,2489.0,2514.0575,-25.0575,-17.0,-161.2741
239216,2498.0,2525.7261,-27.7261,-27.0,-129.4747
240579,2507.0,2537.4528,-30.4528,-18.0,-129.8118
241950,2519.0,2549.2376,-30.2376,-41.0,-7.3678
243329,2526.0,2561.0802,-35.0802,8.0,-72.0453
244715,2538.0,2572.9720,-34.9720,-5.0,18.1655
246110,2553.0,2584.9301,-31.9301,-6.0,-48.8939
247512,2565.0,2596.9373,-31.9373,19.0,-35.4436
248922,2581.0,2609.0018,-28.0018,-24.0,157.0086
250341,2589.0,2621.1323,-32.1323,-15.0,61.5605
251767,2603.0,2633.3115,-30.3115,-31.0,77.8553
253202,2610.0,2645.5564,-35.5564,-8.0,4.9238
254645,2621.0,2657.8583,-36.8583,-33.0,-44.2803
256096,2634.0,2670.2171,-36.2171,-75.0,110.8214
257555,2645.0,2682.6327,-37.6327,-52.0,9.5494
259022,2655.0,2695.1050,-40.1050,-30.0,62.9097
260498,2668.0,2707.6424,-39.6424,-11.0,-35.4243
261983,2677.0,2720.2447,-43.2447,31.0,-110.9576
263475,2688.0,2732.8950,-44.8950,31.0,-129.7583
264977,2704.0,2745.6184,-41.6184,-2.0,-96.1612
266487,2720.0,2758.3979,-38.3979,1.0,-69.8605
268005,2740.0,2771.2335,-31.2335,-53.0,149.0990
269532,2753.0,2784.1335,-31.1335,-51.0,109.8185
271068,2762.0,2797.0977,-35.0977,-65.0,124.7329
272613,2776.0,2810.1260,-34.1260,-42.0,150.1237
274166,2789.0,2823.2099,-34.2099,-14.0,30.5135
275728,2801.0,2836.3576,-35.3576,-4.0,59.1146
277299,2813.0,2849.5692,-36.5692,6.0,104.4848
278879,2830.0,2862.8444,-32.8444,11.0,66.3949
280468,2838.0,2876.1831,-38.1831,42.0,-52.1261
282067,2852.0,2889.5936,-37.5936,42.0,118.0093
283674,2868.0,2903.0590,-35.0590,95.0,29.8856
285290,2886.0,2916.5875,-30.5875,78.0,134.3988
286916,2899.0,2930.1875,-31.1875,75.0,3.5301
288551,2908.0,2943.8504,-35.8504,95.0,-148.2333
290195,2923.0,2957.5760,-34.5760,85.0,-56.8176
291848,2937.0,2971.3644,-34.3644,99.0,-61.6954
293511,2946.0,2985.2237,-39.2237,92.0,-119.8781
295184,2957.0,2999.1537,-42.1537,146.0,-181.0258
296866,2971.0,3013.1460,-42.1460,143.0,-162.2515
298557,2981.0,3027.2005,-46.2005,201.0,-315.5801
300259,2996.0,3041.3337,-45.3337,231.0,-346.8170
301970,3013.0,3055.5288,-42.5288,180.0,-249.6355
303690,3029.0,3069.7857,-40.7857,169.0,-215.2939
305421,3042.0,3084.1209,-42.1209,167.0,-115.4256
307161,3057.0,3098.5177,-41.5177,170.0,-99.5364
308911,3072.0,3112.9842,-40.9842,185.0,-219.2492
310671,3087.0,3127.5203,-40.5203,161.0,-215.4769
312442,3103.0,3142.1342,-39.1342,129.0,-228.2104
314222,3120.0,3156.8091,-36.8091,111.0,-160.5660
316012,3132.0,3171.5531,-39.5531,142.0,-203.3928
317813,3149.0,3186.3745,-37.3745,92.0,-72.7640
319624,3166.0,3201.2649,-35.2649,89.0,42.4007
321445,3184.0,3216.2240,-32.2240,32.0,97.7063
323277,3203.0,3231.2600,-28.2600,-18.0,66.7516
325119,3223.0,3246.3646,-23.3646,-92.0,121.7978
326972,3242.0,3261.5457,-19.5457,-59.0,103.1856
328835,3264.0,3276.7951,-12.7951,-68.0,145.2396
330708,3281.0,3292.1127,-11.1127,-134.0,190.8735
332593,3299.0,3307.5147,-8.5147,-130.0,199.9363
334488,3310.0,3322.9845,-12.9845,-125.0,142.6211
336394,3322.0,3338.5302,-16.5302,-166.0,119.6425
338311,3337.0,3354.1516,-17.1516,-221.0,251.9944
340238,3347.0,3369.8406,-22.8406,-161.0,95.0977
342177,3361.0,3385.6132,-24.6132,-187.0,92.6108
344127,3377.0,3401.4611,-24.4611,-184.0,79.9770
346088,3390.0,3417.3842,-27.3842,-192.0,89.0870
348060,3410.0,3433.3824,-23.3824,-222.0,196.5193
350043,3422.0,3449.4555,-27.4555,-218.0,217.3218
352038,3436.0,3465.6114,-29.6114,-221.0,182.3231
354044,3452.0,3481.8420,-29.8420,-204.0,271.3133
356061,3470.0,3498.1471,-28.1471,-238.0,299.1026
358090,3487.0,3514.5346,-27.5346,-197.0,192.2349
360130,3503.0,3530.9964,-27.9964,-162.0,166.8488
362182,3522.0,3547.5402,-25.5402,-167.0,92.0165
364246,3537.0,3564.1661,-27.1661,-129.0,89.2597
366322,3552.0,3580.8738,-28.8738,-150.0,177.8873
368409,3565.0,3597.6551,-32.6551,-115.0,205.2102
370508,3576.0,3614.5179,-38.5179,-66.0,-15.6862
372619,3591.0,3631.4622,-40.4622,26.0,-148.9956
374743,3605.0,3648.4956,-43.4956,28.0,-143.0386
376878,3624.0,3665.6022,-41.6022,1.0,26.1577
379025,3635.0,3682.7896,-47.7896,16.0,-53.1881
381185,3654.0,3700.0659,-46.0659,26.0,-86.8222
383357,3671.0,3717.4228,-46.4228,7.0,-131.5041
385541,3686.0,3734.8601,-48.8601,5.0,-65.0868
387738,3703.0,3752.3858,-49.3858,55.0,-126.4753
389948,3720.0,3769.9996,-49.9996,61.0,-144.1088
392170,3741.0,3787.6934,-46.6934,50.0,-33.8385
394404,3758.0,3805.4670,-47.4670,-42.0,128.2491
396652,3776.0,3823.3363,-47.3363,-23.0,109.8709
398912,3795.0,3841.2852,-46.2852,21.0,61.1507
401185,3809.0,3859.3214,-50.3214,37.0,6.8179
403471,3830.0,3877.4447,-47.4447,36.0,-124.0417
405770,3854.0,3895.6552,-41.6552,50.0,-163.6625
408082,3870.0,3913.9524,-43.9524,78.0,-241.1106
410407,3887.0,3932.3364,-45.3364,109.0,-162.5998
412746,3905.0,3950.8148,-45.8148,137.0,-129.3590
415098,3922.0,3969.3796,-47.3796,140.0,-133.9048
417463,3939.0,3988.0306,-49.0306,166.0,-221.6271
419842,3959.0,4006.7756,-47.7756,124.0,-56.9751
422234,3981.0,4025.6064,-44.6064,187.0,-156.7336
424640,3998.0,4044.5309,-46.5309,116.0,-88.1081
427059,4020.0,4063.5409,-43.5409,134.0,-180.4656
429493,4044.0,4082.6521,-38.6521,72.0,-228.4476
431940,4071.0,4101.8485,-30.8485,44.0,-54.8651
434401,4088.0,4121.1378,-33.1378,-13.0,99.3754
436877,4109.0,4140.5278,-31.5278,-44.0,181.3243
439366,4118.0,4160.0024,-42.0024,7.0,-27.8917
441870,4137.0,4179.5773,-42.5773,-8.0,28.2897
444387,4161.0,4199.2367,-38.2367,-34.0,254.6292
446920,4176.0,4219.0037,-43.0037,16.0,101.9405
449466,4192.0,4238.8549,-46.8549,53.0,15.4093
452027,4212.0,4258.8055,-46.8055,14.0,188.3341
454603,4231.0,4278.8556,-47.8556,47.0,-75.8239
457193,4254.0,4298.9970,-44.9970,86.0,-46.7864
459798,4271.0,4319.2374,-48.2374,152.0,-142.4185
462418,4283.0,4339.5766,-56.5766,214.0,-362.8112
465053,4310.0,4360.0144,-50.0144,192.0,-205.7210
467703,4325.0,4380.5507,-55.5507,167.0,-264.7391
470368,4340.0,4401.1853,-61.1853,124.0,-174.4147
473048,4362.0,4421.9180,-59.9180,111.0,-110.9761
475744,4387.0,4442.7563,-55.7563,39.0,3.0390
478455,4407.0,4463.6923,-56.6923,9.0,18.2656
481181,4425.0,4484.7259,-59.7259,1.0,117.8066
483923,4441.0,4505.8646,-64.8646,25.0,110.9716
486680,4458.0,4527.1005,-69.1005,23.0,-132.2395
489453,4479.0,4548.4411,-69.4411,5.0,-36.7261
492242,4508.0,4569.8863,-61.8863,-9.0,-54.2682
495047,4529.0,4591.4357,-62.4357,-24.0,16.1067
497868,4548.0,4613.0893,-65.0893,-17.0,93.5689
500705,4570.0,4634.8469,-64.8469,-41.0,116.9409
503558,4587.0,4656.7082,-69.7082,-14.0,-25.4347
506427,4611.0,4678.6731,-67.6731,-97.0,47.1924
509313,4630.0,4700.7491,-70.7491,-64.0,-27.2907
512215,4649.0,4722.9282,-73.9282,3.0,-37.7044
515134,4671.0,4745.2181,-74.2181,-6.0,-50.7112
518069,4693.0,4767.6107,-74.6107,-101.0,99.1588
521021,4722.0,4790.1136,-68.1136,-131.0,108.3093
523990,4748.0,4812.7265,-64.7265,-132.0,141.2245
526976,4780.0,4835.4493,-55.4493,-196.0,304.0619
529978,4802.0,4858.2742,-56.2742,-124.0,181.4044
532998,4819.0,4881.2162,-62.2162,-106.0,194.6829
536035,4836.0,4904.2674,-68.2674,-54.0,59.2770
539090,4865.0,4927.4352,-62.4352,-59.0,111.6228
542161,4896.0,4950.7044,-54.7044,-40.0,116.3504
545251,4917.0,4974.0974,-57.0974,-17.0,37.3492
548358,4931.0,4997.5988,-66.5988,28.0,-103.5877
551482,4960.0,5021.2086,-61.2086,17.0,-15.7486
554625,4982.0,5044.9415,-62.9415,23.0,-57.9246
557785,5003.0,5068.7823,-65.7823,44.0,-42.9924
560963,5028.0,5092.7383,-64.7383,-49.0,61.2125
564160,5048.0,5116.8168,-68.8168,9.0,-150.0945
567374,5073.0,5141.0027,-68.0027,15.0,-238.0841
570607,5101.0,5165.3106,-64.3106,4.0,-91.9070
573859,5128.0,5189.7404,-61.7404,-48.0,-31.7931
577128,5153.0,5214.2770,-61.2770,-55.0,-11.5636
580417,5182.0,5238.9425,-56.9425,-30.0,-3.2986
583724,5211.0,5263.7217,-52.7217,-94.0,48.1129
587050,5233.0,5288.6220,-55.6220,-138.0,121.8208
590395,5259.0,5313.6432,-54.6432,-160.0,191.2175
593760,5283.0,5338.7924,-55.7924,-170.0,129.1633
597143,5313.0,5364.0545,-51.0545,-204.0,176.8112
600545,5338.0,5389.4369,-51.4369,-238.0,120.4630
603967,5363.0,5414.9466,-51.9466,-259.0,225.2163
607409,5388.0,5440.5836,-52.5836,-213.0,218.2843
610870,5415.0,5466.3401,-51.3401,-213.0,233.7703
614351,5438.0,5492.2233,-54.2233,-216.0,204.0735
617851,5466.0,5518.2256,-52.2256,-254.0,423.4942
621372,5486.0,5544.3617,-58.3617,-227.0,310.0812
624913,5517.0,5570.6238,-53.6238,-171.0,278.1874
628473,5540.0,5597.0044,-57.0044,-36.0,41.8972
632054,5571.0,5623.5180,-52.5180,-45.0,-27.0052
635656,5598.0,5650.1644,-52.1644,-31.0,64.9242
639278,5626.0,5676.9360,-50.9360,28.0,-162.3314
642921,5655.0,5703.8400,-48.8400,101.0,-315.5308
646584,5682.0,5730.8686,-48.8686,106.0,-206.3219
650268,5709.0,5758.0292,-49.0292,140.0,-156.6663
653974,5741.0,5785.3287,-44.3287,141.0,-194.3393
657700,5763.0,5812.7523,-49.7523,152.0,-217.0064
661448,5792.0,5840.3144,-48.3144,181.0,-126.0785
665217,5827.0,5868.0075,-41.0075,193.0,-61.2069
669007,5854.0,5895.8313,-41.8313,231.0,-243.7342
672819,5877.0,5923.7928,-46.7928,212.0,-218.6449
676653,5905.0,5951.8920,-46.8920,220.0,-234.0864
680509,5938.0,5980.1285,-42.1285,153.0,-41.5808
684386,5963.0,6008.4947,-45.4947,185.0,-137.0590
688286,5987.0,6037.0051,-50.0051,168.0,-52.3547
692208,6009.0,6065.6521,-56.6521,215.0,-142.5847
696152,6039.0,6094.4354,-55.4354,222.0,-51.4459
700119,6062.0,6123.3622,-61.3622,219.0,-183.4547
704108,6093.0,6152.4248,-59.4248,208.0,-154.0875
708120,6119.0,6181.6304,-62.6304,154.0,70.5713
712155,6151.0,6210.9786,-59.9786,129.0,117.9633
716213,6180.0,6240.4692,-60.4692,105.0,63.2013
720294,6203.0,6270.1020,-67.1020,130.0,-134.2259
724398,6229.0,6299.8767,-70.8767,83.0,-15.7900
728526,6262.0,6329.8003,-67.8003,79.0,-47.8034
732677,6289.0,6359.8653,-70.8653,50.0,13.6819
736852,6317.0,6390.0787,-73.0787,80.0,19.1776
741051,6349.0,6420.4402,-71.4402,46.0,56.4786
745273,6379.0,6450.9424,-71.9424,74.0,-197.8108
749520,6411.0,6481.5994,-70.5994,111.0,-238.7074
753791,6438.0,6512.4038,-74.4038,101.0,-274.7948
758086,6461.0,6543.3552,-82.3552,105.0,-400.8318
762406,6492.0,6574.4608,-82.4608,81.0,-184.4739
766750,6518.0,6605.7128,-87.7128,57.0,-57.9228
771119,6553.0,6637.1184,-84.1184,24.0,25.1697
775513,6586.0,6668.6773,-82.6773,38.0,-84.3685
779932,6617.0,6700.3891,-83.3891,-17.0,-67.8883
784376,6658.0,6732.2536,-74.2536,-37.0,-33.8488
788845,6681.0,6764.2705,-83.2705,8.0,-29.7309
793340,6714.0,6796.4468,-82.4468,22.0,24.9557
797861,6754.0,6828.7821,-74.7821,-72.0,150.6527
802407,6783.0,6861.2691,-78.2691,-62.0,103.7721
806979,6806.0,6893.9145,-87.9145,-56.0,87.1723
811577,6835.0,6926.7182,-91.7182,-62.0,46.4905
816202,6863.0,6959.6870,-96.6870,-82.0,7.9112
820853,6901.0,6992.8135,-91.8135,-120.0,26.9571
825530,6946.0,7026.0973,-80.0973,-211.0,275.8839
830234,6976.0,7059.5454,-83.5454,-149.0,129.9667
834965,7013.0,7093.1574,-80.1574,-179.0,252.0342
839722,7048.0,7126.9260,-78.9260,-140.0,91.0415
844507,7083.0,7160.8651,-77.8651,-245.0,163.2019
849319,7111.0,7194.9672,-83.9672,-138.0,108.0237
854159,7136.0,7229.2393,-93.2393,-138.0,19.9856
859026,7169.0,7263.6739,-94.6739,-113.0,-38.4317
863921,7207.0,7298.2778,-91.2778,-140.0,20.6316
868843,7244.0,7333.0436,-89.0436,-147.0,198.3121
873794,7281.0,7367.9852,-86.9852,-83.0,157.6124
878773,7318.0,7403.0953,-85.0953,-152.0,152.5506
883780,7359.0,7438.3735,-79.3735,-135.0,278.9561
888816,7400.0,7473.8266,-73.8266,-142.0,303.2096
893881,7431.0,7509.4543,-78.4543,-208.0,211.4979
898974,7468.0,7545.2493,-77.2493,-268.0,265.1564
904097,7494.0,7581.2252,-87.2252,-140.0,-31.2656
909248,7532.0,7617.3679,-85.3679,-234.0,339.0621
914429,7573.0,7653.6909,-80.6909,-201.0,48.0496
919640,7611.0,7690.1940,-79.1940,-210.0,150.1245
924880,7660.0,7726.8699,-66.8699,-319.0,311.2752
930150,7693.0,7763.7253,-70.7253,-251.0,303.7892
935450,7724.0,7800.7599,-76.7599,-286.0,302.8780
940780,7759.0,7837.9733,-78.9733,-211.0,102.2381
946141,7802.0,7875.3722,-73.3722,-256.0,209.7382
951532,7837.0,7912.9494,-75.9494,-123.0,103.7603
956954,7869.0,7950.7115,-81.7115,-45.0,-120.5838
962407,7912.0,7988.6581,-76.6581,22.0,-118.9301
967891,7951.0,8026.7890,-75.7890,76.0,-111.6183
973406,7993.0,8065.1039,-72.1039,-26.0,66.8788
978952,8031.0,8103.6023,-72.6023,79.0,-59.1008
984531,8068.0,8142.2980,-74.2980,183.0,-264.1162
990141,8102.0,8181.1767,-79.1767,226.0,-422.0323
995782,8138.0,8220.2380,-82.2380,271.0,-422.2899
1001457,8183.0,8259.5024,-76.5024,218.0,-309.1666
1007163,8230.0,8298.9489,-68.9489,137.0,-183.2073
1012902,8273.0,8338.5909,-65.5909,164.0,22.7567
1018673,8314.0,8378.4211,-64.4211,139.0,-153.5409
1024478,8356.0,8418.4532,-62.4532,59.0,-8.7336
1030315,8398.0,8458.6729,-60.6729,29.0,104.2418
1036186,8442.0,8499.0937,-57.0937,169.0,-19.7265
1042091,8482.0,8539.7152,-57.7152,239.0,-99.1542
1048029,8531.0,8580.5302,-49.5302,257.0,-42.8776
1054000,8569.0,8621.5385,-52.5385,379.0,-328.4309
1060006,8605.0,8662.7533,-57.7533,350.0,-383.8030
1066046,8645.0,8704.1675,-59.1675,421.0,-491.5349
1072121,8688.0,8745.7876,-57.7876,335.0,-437.4999
1078230,8735.0,8787.6064,-52.6064,344.0,-421.8937
1084373,8778.0,8829.6236,-51.6236,274.0,-319.6975
1090552,8817.0,8871.8524,-54.8524,275.0,-619.2942
1096766,8871.0,8914.2857,-43.2857,138.0,-237.7092
1103016,8912.0,8956.9301,-44.9301,174.0,-220.9071
1109301,8959.0,8999.7782,-40.7782,84.0,-41.7236
1115622,9003.0,9042.8366,-39.8366,-33.0,138.8903
1121979,9045.0,9086.1048,-41.1048,51.0,-48.1057
1128372,9085.0,9129.5827,-44.5827,80.0,-191.9406
1134801,9136.0,9173.2697,-37.2697,-22.0,21.0418
1141268,9183.0,9217.1792,-34.1792,-6.0,-59.2357
1147771,9230.0,9261.2971,-31.2971,22.0,-151.9591
1154311,9266.0,9305.6299,-39.6299,75.0,-230.2288
1160888,9317.0,9350.1772,-33.1772,16.0,-175.3630
1167503,9363.0,9394.9455,-31.9455,-46.0,151.4523
1174155,9411.0,9439.9276,-28.9276,34.0,24.9188
1180846,9454.0,9485.1366,-31.1366,-59.0,323.3770
1187574,9506.0,9530.5587,-24.5587,-134.0,468.7816
1194341,9558.0,9576.2070,-18.2070,-172.0,591.9787
1201147,9606.0,9622.0811,-16.0811,-120.0,511.0385
1207991,9639.0,9668.1739,-29.1739,-15.0,128.7834
1214874,9681.0,9714.4918,-33.4918,-83.0,291.4949
1221797,9723.0,9761.0411,-38.0411,-97.0,297.9150
1228759,9773.0,9807.8146,-34.8146,-50.0,153.6750
1235760,9828.0,9854.8121,-26.8121,67.0,-108.6578
1242802,9871.0,9902.0465,-31.0465,60.0,-219.8301
1249883,9931.0,9949.5041,-18.5041,-24.0,131.1044
1257005,9966.0,9997.1978,-31.1978,-78.0,-54.4091
1264168,10024.0,10045.1273,-21.1273,-135.0,65.9771
1271371,10072.0,10093.2855,-21.2855,-201.0,324.9961
1278616,10117.0,10141.6853,-24.6853,-142.0,88.1186
1285901,10160.0,10190.3131,-30.3131,-215.0,172.7252
1293228,10206.0,10239.1817,-33.1817,-163.0,133.8494
1300597,10256.0,10288.2907,-32.2907,-94.0,74.7219
1308008,10304.0,10337.6398,-33.6398,-79.0,-14.0849
1315461,10360.0,10387.2286,-27.2286,-101.0,-113.7807
1322957,10414.0,10437.0632,-23.0632,-126.0,169.3304
1330495,10456.0,10487.1367,-31.1367,-20.0,-65.8044
1338077,10509.0,10537.4619,-28.4619,-30.0,-102.2206
1345701,10574.0,10588.0251,-14.0251,-110.0,34.0357
1353369,10634.0,10638.8392,-4.8392,-7.0,-159.9009
1361081,10684.0,10689.9037,-5.9037,-10.0,-105.3624
1368836,10738.0,10741.2117,-3.2117,-17.0,-147.2040
1376636,10789.0,10792.7759,-3.7759,-34.0,-181.4809
1384480,10847.0,10844.5893,2.4107,-69.0,-164.8076
1392369,10897.0,10896.6581,0.3419,-89.0,-204.1007
1400303,10955.0,10948.9819,6.0181,-238.0,358.6220
1408282,11010.0,11001.5602,8.4398,-165.0,-4.9419
1416306,11057.0,11054.3926,2.6074,-20.0,-134.3709
1424377,11108.0,11107.4918,0.5082,63.0,-389.7357
1432493,11155.0,11160.8443,-5.8443,-44.0,-144.2169
1440655,11202.0,11214.4562,-12.4562,-91.0,44.4625
1448864,11248.0,11268.3336,-20.3336,-22.0,31.1354
1457120,11308.0,11322.4761,-14.4761,-112.0,175.1121
1465423,11369.0,11376.8833,-7.8833,-78.0,204.4952
1473773,11424.0,11431.5546,-7.5546,-76.0,97.8907
1482171,11478.0,11486.4963,-8.4963,-136.0,159.6989
1490616,11534.0,11541.7012,-7.7012,-248.0,227.6149
1499110,11590.0,11597.1821,-7.1821,-307.0,228.5524
1507652,11653.0,11652.9320,0.0680,-308.0,533.4116
1516243,11714.0,11708.9569,5.0431,-345.0,579.3450
1524882,11777.0,11765.2498,11.7502,-271.0,538.0578
1533571,11829.0,11821.8234,7.1766,-176.0,101.2913
1542310,11889.0,11878.6771,10.3229,-143.0,180.5336
1551098,11942.0,11935.8041,6.1959,-103.0,143.0793
1559936,12003.0,11993.2103,9.7897,-45.0,272.9683
1568825,12063.0,12050.9018,12.0982,50.0,-22.5781
1577764,12128.0,12108.8715,19.1285,25.0,127.5657
1586754,12181.0,12167.1257,13.8743,88.0,-190.7515
1595796,12236.0,12225.6701,10.3299,157.0,-263.7717
1604889,12301.0,12284.4979,16.5021,134.0,-28.1373
1614034,12354.0,12343.6152,10.3848,184.0,-312.4846
1623231,12421.0,12403.0213,17.9787,198.0,-230.6694
1632480,12494.0,12462.7159,31.2841,109.0,-104.2012
1641782,12547.0,12522.7048,24.2952,155.0,-341.8707
1651137,12602.0,12582.9877,19.0123,211.0,-271.0316
1660545,12666.0,12643.5640,22.4360,146.0,-242.3035
1670007,12729.0,12704.4396,24.5604,117.0,37.0945
1679523,12799.0,12765.6142,33.3858,97.0,108.7122
1689093,12853.0,12827.0871,25.9129,211.0,-106.4763
1698718,12915.0,12888.8644,26.1356,147.0,-93.2558
1708397,12989.0,12950.9391,38.0609,57.0,-22.6593
1718132,13049.0,13013.3234,35.6766,136.0,-197.9739
1727922,13119.0,13076.0106,42.9894,223.0,-180.3627
1737768,13184.0,13139.0066,44.9934,353.0,-459.0805
1747670,13248.0,13202.3107,45.6893,285.0,-315.7710
1757628,13316.0,13265.9225,50.0775,305.0,-181.4164
1767643,13373.0,13329.8479,43.1521,441.0,-567.4136
1777715,13427.0,13394.0864,32.9136,472.0,-622.9819
1787845,13498.0,13458.6438,39.3562,458.0,-375.1696
1798032,13570.0,13523.5132,46.4868,510.0,-540.2095
1808278,13639.0,13588.7069,50.2931,376.0,-284.9526
1818581,13708.0,13654.2115,53.7885,362.0,-356.3586
1828944,13780.0,13720.0457,59.9543,295.0,-123.2564
1839365,13855.0,13786.1963,68.8037,329.0,-477.7009
1849846,13914.0,13852.6752,61.3248,335.0,-267.7238
1860387,13982.0,13919.4822,62.5178,167.0,-63.0021
1870987,14054.0,13986.6102,67.3898,122.0,101.3675
1881648,14125.0,14054.0714,70.9286,102.0,176.5068
1892370,14195.0,14121.8652,73.1348,61.0,169.5750
1903153,14258.0,14189.9912,68.0088,22.0,11.8392
1913997,14327.0,14258.4487,68.5513,-67.0,166.1149
1924904,14392.0,14327.2499,64.7501,-139.0,80.8120
1935872,14475.0,14396.3815,78.6185,-242.0,271.6200
1946903,14543.0,14465.8557,77.1443,-202.0,519.7202
1957996,14607.0,14535.6656,71.3344,-261.0,342.4806
1969153,14676.0,14605.8232,70.1768,-273.0,111.1324
1980374,14744.0,14676.3279,67.6721,-194.0,-165.3653
1991658,14816.0,14747.1729,68.8271,-255.0,-145.3500
2003007,14890.0,14818.3702,71.6298,-259.0,96.9852
2014420,14965.0,14889.9129,75.0871,-347.0,352.4449
2025898,15045.0,14961.8068,83.1932,-312.0,322.4037
2037442,15129.0,15034.0575,94.9425,-397.0,579.4584
2049051,15189.0,15106.6583,82.3417,-255.0,228.8158
2060727,15270.0,15179.6210,90.3790,-258.0,319.5063
2072469,15345.0,15252.9387,92.0613,-327.0,392.4065
2084278,15414.0,15326.6173,87.3827,-352.0,133.8204
2096155,15492.0,15400.6622,91.3378,-354.0,124.5927
2108099,15555.0,15475.0667,79.9333,-459.0,257.5522
2120111,15634.0,15549.8365,84.1635,-403.0,180.8634
2132192,15701.0,15624.9771,76.0229,-450.0,200.1111
2144341,15777.0,15700.4818,76.5182,-415.0,294.5544
2156560,15852.0,15776.3623,75.6377,-447.0,323.7539
2168848,15938.0,15852.6119,85.3881,-376.0,441.8408
2181206,16010.0,15929.2361,80.7639,-333.0,429.1397
2193635,16084.0,16006.2406,77.7594,-313.0,386.7636
2206135,16151.0,16083.6247,67.3753,-203.0,59.1279
2218705,16226.0,16161.3817,64.6183,-68.0,24.0959
2231348,16306.0,16239.5294,66.4706,-43.0,16.0233
2244062,16402.0,16318.0550,83.9450,-184.0,-50.8913
2256849,16487.0,16396.9700,90.0300,-192.0,118.8984
2269709,16566.0,16476.2739,89.7261,-209.0,340.1948
2282642,16644.0,16555.9661,88.0339,-213.0,434.9415
2295648,16726.0,16636.0460,89.9540,-128.0,234.8777
2308729,16802.0,16716.5252,85.4748,-224.0,338.3120
2321885,16872.0,16797.4030,74.5970,-78.0,-119.1162
2335115,16955.0,16878.6727,76.3273,24.0,-125.1380
2348421,17045.0,16960.3460,84.6540,103.0,-326.7187
2361802,17126.0,17042.4160,83.5840,199.0,-414.7981
2375260,17216.0,17124.8944,91.1056,275.0,-383.9856
2388794,17297.0,17207.7744,89.2256,295.0,-196.2778
2402406,17370.0,17291.0676,78.9324,277.0,-257.5628
2416095,17455.0,17374.7672,80.2328,349.0,-375.9011
2429862,17537.0,17458.8786,78.1214,275.0,-280.3594
2443708,17604.0,17543.4074,60.5926,386.0,-604.0203
2457632,17690.0,17628.3467,61.6533,319.0,-367.8811
2471636,17779.0,17713.7080,65.2920,275.0,-294.5697
2485719,17859.0,17799.4847,59.5153,328.0,-520.0398
2499883,17935.0,17885.6882,49.3118,382.0,-492.7481
2514128,18017.0,17972.3178,44.6822,298.0,-393.6261
2528454,18099.0,18059.3728,39.6272,346.0,-436.2939
2542861,18187.0,18146.8526,40.1474,429.0,-451.3039
2557350,18268.0,18234.7625,33.2375,345.0,-550.0849
2571922,18359.0,18323.1080,35.8920,320.0,-500.0549
2586577,18464.0,18411.8883,52.1117,234.0,-74.6852
2601316,18549.0,18501.1087,47.8913,184.0,-81.9438
2616139,18649.0,18590.7687,58.2313,130.0,-93.5867
2631046,18733.0,18680.8674,52.1326,217.0,-250.0700
2646037,18828.0,18771.4042,56.5958,141.0,76.9757
2661115,18920.0,18862.3965,57.6035,1.0,182.3906
2676278,19016.0,18953.8315,62.1685,47.0,-153.9176
2691528,19103.0,19045.7205,57.2795,132.0,32.9363
2706864,19197.0,19138.0568,58.9432,6.0,142.1669
2722288,19294.0,19230.8517,63.1483,-20.0,243.3656
2737800,19388.0,19324.1045,63.8955,106.0,-300.6386
2753400,19481.0,19417.8145,63.1855,105.0,-237.5314
2769090,19575.0,19511.9929,63.0071,120.0,-50.7100
2784868,19664.0,19606.6270,57.3730,143.0,-227.7153
2800736,19761.0,19701.7280,59.2720,277.0,-266.0985
2816695,19861.0,19797.3013,63.6987,59.0,182.1939
2832745,19950.0,19893.3460,56.6540,-86.0,282.0809
2848886,20051.0,19989.8613,61.1387,-301.0,679.7723
2865120,20143.0,20086.8586,56.1414,-132.0,366.4881
2881445,20232.0,20184.3251,47.6749,-141.0,206.2005
2897864,20321.0,20282.2780,38.7220,-86.0,-4.7188
2914376,20403.0,20380.7104,22.2896,1.0,77.0604
2930983,20509.0,20479.6337,29.3663,33.0,122.3053
2947684,20598.0,20579.0409,18.9591,49.0,-180.7486
2964480,20696.0,20678.9374,17.0626,45.0,-237.2941
2981372,20817.0,20779.3283,37.6717,61.0,-130.0827
2998360,20922.0,20880.2128,41.7872,100.0,59.1110
3015445,21025.0,20981.5960,43.4040,165.0,60.8780
3032627,21117.0,21083.4772,33.5228,273.0,-206.8933
3049907,21214.0,21185.8616,28.1384,354.0,-484.1476
3067286,21316.0,21288.7541,27.2459,388.0,-846.4997
3084763,21435.0,21392.1482,42.8518,220.0,-344.2907
3102341,21553.0,21496.0608,56.9392,218.0,-489.2408
3120018,21658.0,21600.4791,57.5209,52.0,-46.2343
3137796,21764.0,21705.4143,58.5857,-25.0,-205.8473
3155676,21870.0,21810.8714,59.1286,-119.0,-131.5637
3173657,21972.0,21916.8437,55.1563,-222.0,80.5433
3191741,22081.0,22023.3422,57.6578,-274.0,106.7311
3209928,22201.0,22130.3660,70.6340,-498.0,508.5659
3228218,22325.0,22237.9144,87.0856,-591.0,739.5228
3246613,22431.0,22345.9981,85.0019,-638.0,805.0473
3265112,22524.0,22454.6106,69.3894,-584.0,721.1052
3283717,22641.0,22563.7627,77.2373,-583.0,830.6474
3302428,22748.0,22673.4536,74.5464,-529.0,533.6023
3321246,22860.0,22783.6882,76.3118,-413.0,486.8324
3340170,22973.0,22894.4600,78.5400,-317.0,478.8402
3359203,23075.0,23005.7855,69.2145,-238.0,8.3595
3378344,23198.0,23117.6581,80.3419,-326.0,436.5235
3397594,23310.0,23230.0828,79.9172,-363.0,447.3416
3416954,23438.0,23343.0644,94.9356,-363.0,648.7056
3436424,23553.0,23456.6022,96.3978,-434.0,788.8646
3456005,23666.0,23570.7012,95.2988,-528.0,1007.2530
3475698,23778.0,23685.3661,92.6339,-460.0,446.0465
3495503,23883.0,23800.5962,82.4038,-191.0,-54.2051
3515420,24002.0,23916.3906,85.6094,-89.0,-94.0499
3535451,24120.0,24032.7600,87.2400,-6.0,-511.7335
3555597,24235.0,24149.7094,85.2906,176.0,-961.6575
3575857,24360.0,24267.2319,92.7681,221.0,-952.4841
3596232,24474.0,24385.3325,88.6675,182.0,-982.7192
3616724,24603.0,24504.0220,98.9780,19.0,-284.3397
3637332,24742.0,24623.2935,118.7065,8.0,-86.7336
3658058,24859.0,24743.1577,115.8423,169.0,-535.6240
3678902,24986.0,24863.6138,122.3862,99.0,-119.8851
3699865,25122.0,24984.6665,137.3335,15.0,-4.1958
3720947,25249.0,25106.3150,142.6850,-17.0,15.5216
3742149,25367.0,25228.5641,138.4359,-118.0,301.3913
3763473,25493.0,25351.4243,141.5757,13.0,-147.3438
3784917,25617.0,25474.8832,142.1168,175.0,-193.2863
3806484,25732.0,25598.9571,133.0429,173.0,-217.8414
3828174,25858.0,25723.6451,134.3549,75.0,97.2994
3849987,26004.0,25848.9462,155.0538,57.0,282.5542
3871924,26123.0,25974.8652,148.1348,185.0,-67.5628
3893987,26258.0,26101.4126,156.5874,149.0,149.7393
3916175,26383.0,26228.5817,154.4183,179.0,75.7920
3938490,26521.0,26356.3830,164.6170,64.0,224.7461
3960932,26660.0,26484.8155,175.1845,-30.0,163.9137
3983502,26774.0,26613.8839,160.1161,78.0,44.3108
4006200,26887.0,26743.5873,143.4127,227.0,-673.7307
4029028,27037.0,26873.9361,163.0639,330.0,-335.1316
4051985,27190.0,27004.9236,185.0764,122.0,263.4330
4075074,27314.0,27136.5659,177.4341,139.0,206.2487
4098294,27448.0,27268.8563,179.1437,-25.0,293.0287
4121647,27575.0,27401.8051,173.1949,218.0,42.2714
4145132,27713.0,27535.4057,177.5943,349.0,-347.0317
4168751,27850.0,27669.6685,180.3315,262.0,106.0321
4192505,27988.0,27804.5980,183.4020,188.0,288.2892
4216395,28123.0,27940.1989,182.8011,296.0,183.9505
4240420,28262.0,28076.4646,185.5354,317.0,-238.0081
4264582,28406.0,28213.4053,192.5947,185.0,13.1482
4288882,28525.0,28351.0257,173.9743,310.0,-490.6170
4313321,28659.0,28489.3303,169.6697,430.0,-414.2137
4337898,28798.0,28628.3124,169.6876,479.0,-499.7894
4362616,28921.0,28767.9880,153.0120,555.0,-928.7411
4387475,29060.0,28908.3560,151.6440,570.0,-702.1557
4412475,29209.0,29049.4153,159.5847,445.0,-1127.3310
4437618,29360.0,29191.1761,168.8239,258.0,-454.5587
4462904,29499.0,29333.6374,165.3626,211.0,107.7675
4488334,29652.0,29476.8037,175.1963,280.0,428.5849
4513909,29787.0,29620.6795,166.3205,256.0,39.3665
4539629,29923.0,29765.2638,157.7362,486.0,-447.1975
4565496,30060.0,29910.5667,149.4333,386.0,-166.8342
4591511,30212.0,30056.5926,155.4074,272.0,-109.1294
4617674,30347.0,30203.3406,143.6594,290.0,-105.3982
4643986,30492.0,30350.8151,141.1849,132.0,-194.9473
4670448,30639.0,30499.0205,139.9795,236.0,-450.3340
4697060,30802.0,30647.9558,154.0442,-76.0,139.5282
4723824,30951.0,30797.6310,153.3690,11.0,-88.6142
4750741,31089.0,30948.0505,140.9495,-141.0,-6.5537
4777811,31245.0,31099.2133,145.7867,-43.0,-275.0452
4805036,31382.0,31251.1294,130.8706,-140.0,-195.2420
4832415,31526.0,31403.7920,122.2080,-171.0,-611.8752
4859951,31689.0,31557.2166,131.7834,-152.0,-446.9841
4887643,31827.0,31711.3967,115.6033,-286.0,-115.9746
4915494,32002.0,31866.3476,135.6524,-480.0,401.3721
4943502,32156.0,32022.0571,133.9429,-562.0,387.0122
4971671,32300.0,32178.5463,121.4537,-657.0,568.7980
5000000,32463.0,32335.8083,127.1917,-709.0,971.1402
